N,N_once,N_rec,N_rung,accounting,backprop,budget_mult,budget_tokens,cell,compiled,d_model,deploy_flops_per_token,diverged,emb_in,executed_layers,git_commit,k_bwd,lr0,n_avg_points,n_coda,n_core,n_layers,n_prelude,n_spikes,name,placement,r,rung,seed,step,time,tokens_seen,torch_version,train_flops,train_flops_per_token,val_code,val_finemath,val_fwe,val_second,valavg_code,valavg_finemath,valavg_fwe,valavg_second
15406400,15406400,0,15406400,iso_token,full,4.998,77004800,dense/full,True,320,41287680.0,False,5242880,8,35f42ee,0,0.00219,3,0,0,8,8,0,10M_dense_r1_s42,dense,1,10M,42,940,2026-09-26 14:07:25,77004800,2.6.0+cu124,9538048622592000.0,123863040.0,4.10326633152584,4.367500388502043,4.227443846318747,4.5282280271634745,4.10326633152584,4.367500388502043,4.247806632562063,4.553201056071174
15406400,15406400,0,15406400,iso_token,full,9.996,154009600,dense/full,True,320,41287680.0,False,5242880,8,35f42ee,0,0.00219,3,0,0,8,8,0,10M_dense_r1_s42,dense,1,10M,42,1880,2026-09-26 14:11:21,154009600,2.6.0+cu124,1.9076097245184e+16,123863040.0,3.8076040092551464,3.870707530505609,3.8689274206846656,4.1492299196400415,3.8076040092551464,3.870707530505609,3.87557320754814,4.1568068854077564
15406400,15406400,0,15406400,iso_token,full,19.998,308101120,dense/full,True,320,41287680.0,False,5242880,8,35f42ee,0,0.00219,3,0,0,8,8,0,10M_dense_r1_s42,dense,1,10M,42,3761,2026-09-26 14:16:20,308101120,2.6.0+cu124,3.81623413506048e+16,123863040.0,3.510575176646441,3.6122218561785284,3.662321568551028,3.9296269402160457,3.510575176646441,3.6122218561785284,3.6649269783914504,3.932555699595442
15406400,15406400,0,15406400,iso_token,full,39.997,616202240,dense/full,True,320,41287680.0,False,5242880,8,35f42ee,0,0.00219,3,0,0,8,8,0,10M_dense_r1_s42,dense,1,10M,42,7522,2026-09-26 14:23:27,616202240,2.6.0+cu124,7.63246827012096e+16,123863040.0,3.359086434270226,3.4429066049345236,3.5326366781202085,3.7971209216414494,3.359086434270226,3.4429066049345236,3.5338649183152846,3.798882871843338
15406400,15406400,0,15406400,iso_token,full,79.998,1232486400,dense/full,True,320,41287680.0,False,5242880,8,35f42ee,0,0.00219,3,0,0,8,8,0,10M_dense_r1_s42,dense,1,10M,42,15045,2026-09-26 14:34:50,1232486400,2.6.0+cu124,1.52659512262656e+17,123863040.0,3.333655610818674,3.3535486760089905,3.4388015758320343,3.7095408405822323,3.333655610818674,3.3535486760089905,3.4394249736779323,3.7106694885941938
15406400,15406400,0,15406400,iso_token,full,4.998,77004800,dense/full,True,320,41287680.0,False,5242880,8,35f42ee,0,0.00219,3,0,0,8,8,0,10M_dense_r1_s43,dense,1,10M,43,940,2026-09-26 14:08:20,77004800,2.6.0+cu124,9538048622592000.0,123863040.0,4.259527808259657,4.335539137332598,4.233864906233222,4.537773326003456,4.259527808259657,4.335539137332598,4.254476746030782,4.566633559745502
15406400,15406400,0,15406400,iso_token,full,9.996,154009600,dense/full,True,320,41287680.0,False,5242880,8,35f42ee,0,0.00219,3,0,0,8,8,0,10M_dense_r1_s43,dense,1,10M,43,1880,2026-09-26 14:12:15,154009600,2.6.0+cu124,1.9076097245184e+16,123863040.0,3.6025707111717047,3.7946748768433065,3.8610915376169928,4.112747370363606,3.6025707111717047,3.7946748768433065,3.8676217671924533,4.116606161129826
15406400,15406400,0,15406400,iso_token,full,19.998,308101120,dense/full,True,320,41287680.0,False,5242880,8,35f42ee,0,0.00219,3,0,0,8,8,0,10M_dense_r1_s43,dense,1,10M,43,3761,2026-09-26 14:17:14,308101120,2.6.0+cu124,3.81623413506048e+16,123863040.0,3.5623107562690866,3.558240492731725,3.6577528360542915,3.9291159906705206,3.5623107562690866,3.558240492731725,3.660359186105454,3.932727733173611
15406400,15406400,0,15406400,iso_token,full,39.997,616202240,dense/full,True,320,41287680.0,False,5242880,8,35f42ee,0,0.00219,3,0,0,8,8,0,10M_dense_r1_s43,dense,1,10M,43,7522,2026-09-26 14:24:21,616202240,2.6.0+cu124,7.63246827012096e+16,123863040.0,3.214470765330777,3.4022642761555866,3.5302187438052965,3.7864042325757397,3.214470765330777,3.4022642761555866,3.531371256020051,3.787692744438157
15406400,15406400,0,15406400,iso_token,full,79.998,1232486400,dense/full,True,320,41287680.0,False,5242880,8,35f42ee,0,0.00219,3,0,0,8,8,0,10M_dense_r1_s43,dense,1,10M,43,15045,2026-09-26 14:35:44,1232486400,2.6.0+cu124,1.52659512262656e+17,123863040.0,3.050762430972495,3.311526091489049,3.436884879030759,3.6824981012100704,3.050762430972495,3.311526091489049,3.4374909324116825,3.683719581269657
15406400,15406400,0,15406400,iso_token,full,4.998,77004800,dense/full,True,320,41287680.0,False,5242880,8,35f42ee,0,0.00219,3,0,0,8,8,0,10M_dense_r1_s44,dense,1,10M,44,940,2026-09-26 14:16:43,77004800,2.6.0+cu124,9538048622592000.0,123863040.0,4.104115293808573,4.2728357107053005,4.208311465425789,4.488186707798649,4.104115293808573,4.2728357107053005,4.228772673770023,4.510511379988372
15406400,15406400,0,15406400,iso_token,full,9.996,154009600,dense/full,True,320,41287680.0,False,5242880,8,35f42ee,0,0.00219,3,0,0,8,8,0,10M_dense_r1_s44,dense,1,10M,44,1880,2026-09-26 14:20:37,154009600,2.6.0+cu124,1.9076097245184e+16,123863040.0,3.441768290620448,3.8315516439342847,3.86429168112186,4.110816829710303,3.441768290620448,3.8315516439342847,3.870743889800972,4.117102089059735
15406400,15406400,0,15406400,iso_token,full,19.998,308101120,dense/full,True,320,41287680.0,False,5242880,8,35f42ee,0,0.00219,3,0,0,8,8,0,10M_dense_r1_s44,dense,1,10M,44,3761,2026-09-26 14:25:35,308101120,2.6.0+cu124,3.81623413506048e+16,123863040.0,3.5283811743874307,3.599226740646714,3.6625013181322807,3.9317851476506713,3.5283811743874307,3.599226740646714,3.665073464078953,3.935284908805036
15406400,15406400,0,15406400,iso_token,full,39.997,616202240,dense/full,True,320,41287680.0,False,5242880,8,35f42ee,0,0.00219,3,0,0,8,8,0,10M_dense_r1_s44,dense,1,10M,44,7522,2026-09-26 14:32:41,616202240,2.6.0+cu124,7.63246827012096e+16,123863040.0,3.1532255484086016,3.4324368138533266,3.534135886626151,3.7873242288731763,3.1532255484086016,3.4324368138533266,3.535326146255247,3.78924905794621
15406400,15406400,0,15406400,iso_token,full,79.998,1232486400,dense/full,True,320,41287680.0,False,5242880,8,35f42ee,0,0.00219,3,0,0,8,8,0,10M_dense_r1_s44,dense,1,10M,44,15045,2026-09-26 14:44:01,1232486400,2.6.0+cu124,1.52659512262656e+17,123863040.0,3.1163885938145284,3.3713095531040764,3.4411924677534986,3.698691387829842,3.1163885938145284,3.3713095531040764,3.4418048828955,3.6996550357521003
15611200,10324800,5286400,15406400,iso_token,full,9.996,154009600,middle/full,True,320,57507840.0,False,5242880,12,35f42ee,0,0.00219,3,2,4,8,2,0,10M_middle_r2_full_s42,middle,2,10M,42,1880,2026-09-26 16:07:40,154009600,2.6.0+cu124,2.6570278305792e+16,172523520.0,3.759037282425262,3.9195323320743976,3.9674014623094624,4.21940710496856,3.759037282425262,3.9195323320743976,3.9750917704471718,4.226207790080481
15611200,10324800,5286400,15406400,iso_token,full,19.998,308101120,middle/full,True,320,57507840.0,False,5242880,12,35f42ee,0,0.00219,3,2,4,8,2,0,10M_middle_r2_full_s42,middle,2,10M,42,3761,2026-09-26 16:13:55,308101120,2.6.0+cu124,5.31546897383424e+16,172523520.0,3.7945958788350618,3.686643744264536,3.7224652979096002,4.010042743659423,3.7945958788350618,3.686643744264536,3.7253241780994273,4.014016463557869
15611200,10324800,5286400,15406400,iso_token,full,39.997,616202240,middle/full,True,320,57507840.0,False,5242880,12,35f42ee,0,0.00219,3,2,4,8,2,0,10M_middle_r2_full_s42,middle,2,10M,42,7522,2026-09-26 16:22:57,616202240,2.6.0+cu124,1.063093794766848e+17,172523520.0,3.379441731097322,3.5353460246459125,3.567710549608538,3.847149614608817,3.379441731097322,3.5353460246459125,3.569094018677563,3.848888464063356
15611200,10324800,5286400,15406400,iso_token,full,9.996,154009600,middle/full,True,320,57507840.0,False,5242880,12,35f42ee,0,0.00219,3,2,4,8,2,0,10M_middle_r2_full_s43,middle,2,10M,43,1880,2026-09-26 16:09:26,154009600,2.6.0+cu124,2.6570278305792e+16,172523520.0,4.035583124653448,3.934947822483495,3.976703419169347,4.256004185325252,4.035583124653448,3.934947822483495,3.984260437727554,4.259667950898209
15611200,10324800,5286400,15406400,iso_token,full,19.998,308101120,middle/full,True,320,57507840.0,False,5242880,12,35f42ee,0,0.00219,3,2,4,8,2,0,10M_middle_r2_full_s43,middle,2,10M,43,3761,2026-09-26 16:15:38,308101120,2.6.0+cu124,5.31546897383424e+16,172523520.0,3.737667699397529,3.665757708441832,3.7241901303915776,4.005200545253503,3.737667699397529,3.665757708441832,3.7271589138054657,4.00808888741634
15611200,10324800,5286400,15406400,iso_token,full,39.997,616202240,middle/full,True,320,57507840.0,False,5242880,12,35f42ee,0,0.00219,3,2,4,8,2,0,10M_middle_r2_full_s43,middle,2,10M,43,7522,2026-09-26 16:24:31,616202240,2.6.0+cu124,1.063093794766848e+17,172523520.0,3.3427848696043387,3.5293206726190625,3.566190361517638,3.834171002620767,3.3427848696043387,3.5293206726190625,3.567538817873332,3.8360242930746558
15611200,10324800,5286400,15406400,iso_token,full,9.996,154009600,middle/full,True,320,57507840.0,False,5242880,12,35f42ee,0,0.00219,3,2,4,8,2,0,10M_middle_r2_full_s44,middle,2,10M,44,1880,2026-09-26 16:50:10,154009600,2.6.0+cu124,2.6570278305792e+16,172523520.0,3.9474819587261027,3.9355869523440448,3.968487081143334,4.243929592782186,3.9474819587261027,3.9355869523440448,3.9760629417745164,4.248432950124053
15611200,10324800,5286400,15406400,iso_token,full,19.998,308101120,middle/full,True,320,57507840.0,False,5242880,12,35f42ee,0,0.00219,3,2,4,8,2,0,10M_middle_r2_full_s44,middle,2,10M,44,3761,2026-09-26 16:56:28,308101120,2.6.0+cu124,5.31546897383424e+16,172523520.0,3.964477573584426,3.6686185665696054,3.7221599161707917,4.024076693997113,3.964477573584426,3.6686185665696054,3.7250270822412053,4.028425779841193
15611200,10324800,5286400,15406400,iso_token,full,39.997,616202240,middle/full,True,320,57507840.0,False,5242880,12,35f42ee,0,0.00219,3,2,4,8,2,0,10M_middle_r2_full_s44,middle,2,10M,44,7522,2026-09-26 17:05:27,616202240,2.6.0+cu124,1.063093794766848e+17,172523520.0,3.9792646141036623,3.515055286872711,3.566176148200002,3.8877025841140727,3.9792646141036623,3.515055286872711,3.567551032618143,3.8889498930280317
15611200,10324800,5286400,15406400,iso_token,full,9.996,154009600,middle/full,True,320,89128960.0,False,5242880,20,35f42ee,0,0.00219,3,2,4,8,2,0,10M_middle_r4_full_s42,middle,4,10M,42,1880,2026-09-26 15:12:43,154009600,2.6.0+cu124,4.1180146434048e+16,267386880.0,3.6276875757828058,3.903705731276134,3.950993915188954,4.203456839599109,3.6276875757828058,3.903705731276134,3.9588454668839788,4.211804211639156
15611200,10324800,5286400,15406400,iso_token,full,19.998,308101120,middle/full,True,320,89128960.0,False,5242880,20,35f42ee,0,0.00219,3,2,4,8,2,0,10M_middle_r4_full_s42,middle,4,10M,42,3761,2026-09-26 15:21:24,308101120,2.6.0+cu124,8.23821972013056e+16,267386880.0,3.3889672050253417,3.639318891680251,3.7060710851005716,3.9624118926271086,3.3889672050253417,3.639318891680251,3.708984447747582,3.9653950156906412
15611200,10324800,5286400,15406400,iso_token,full,39.997,616202240,middle/full,True,320,89128960.0,False,5242880,20,35f42ee,0,0.00219,3,2,4,8,2,0,10M_middle_r4_full_s42,middle,4,10M,42,7522,2026-09-26 15:33:54,616202240,2.6.0+cu124,1.647643944026112e+17,267386880.0,3.157819500875744,3.4831114529183944,3.5476426469261138,3.804891795608148,3.157819500875744,3.4831114529183944,3.5490515149013055,3.806341458809019
15611200,10324800,5286400,15406400,iso_token,full,9.996,154009600,middle/full,True,320,89128960.0,False,5242880,20,35f42ee,0,0.00219,3,2,4,8,2,0,10M_middle_r4_full_s43,middle,4,10M,43,1880,2026-09-26 15:13:50,154009600,2.6.0+cu124,4.1180146434048e+16,267386880.0,3.679221765230001,3.907054662326045,3.962264023063868,4.213065988279806,3.679221765230001,3.907054662326045,3.969964642276151,4.22229224161348
15611200,10324800,5286400,15406400,iso_token,full,19.998,308101120,middle/full,True,320,89128960.0,False,5242880,20,35f42ee,0,0.00219,3,2,4,8,2,0,10M_middle_r4_full_s43,middle,4,10M,43,3761,2026-09-26 15:22:30,308101120,2.6.0+cu124,8.23821972013056e+16,267386880.0,3.559175367527712,3.659489536802985,3.7137840367011963,3.979348279920678,3.559175367527712,3.659489536802985,3.7167862623296024,3.9826592540475665
15611200,10324800,5286400,15406400,iso_token,full,39.997,616202240,middle/full,True,320,89128960.0,False,5242880,20,35f42ee,0,0.00219,3,2,4,8,2,0,10M_middle_r4_full_s43,middle,4,10M,43,7522,2026-09-26 15:35:02,616202240,2.6.0+cu124,1.647643944026112e+17,267386880.0,3.42152240613133,3.4966300927782736,3.5481171183556044,3.8147411880133784,3.42152240613133,3.4966300927782736,3.549497974970024,3.8162376596340355
15611200,10324800,5286400,15406400,iso_token,full,9.996,154009600,middle/full,True,320,89128960.0,False,5242880,20,35f42ee,0,0.00219,3,2,4,8,2,0,10M_middle_r4_full_s44,middle,4,10M,44,1880,2026-09-26 15:21:31,154009600,2.6.0+cu124,4.1180146434048e+16,267386880.0,3.5681952969232382,3.9066209394404074,3.9667871154047027,4.206235381805074,3.5681952969232382,3.9066209394404074,3.974197692390103,4.21456523911898
15611200,10324800,5286400,15406400,iso_token,full,19.998,308101120,middle/full,True,320,89128960.0,False,5242880,20,35f42ee,0,0.00219,3,2,4,8,2,0,10M_middle_r4_full_s44,middle,4,10M,44,3761,2026-09-26 15:30:09,308101120,2.6.0+cu124,8.23821972013056e+16,267386880.0,3.7105577845195246,3.6641478633851317,3.714985166572964,3.9947620762162943,3.7105577845195246,3.6641478633851317,3.717909250243514,3.9986191600840377
15611200,10324800,5286400,15406400,iso_token,full,39.997,616202240,middle/full,True,320,89128960.0,False,5242880,20,35f42ee,0,0.00219,3,2,4,8,2,0,10M_middle_r4_full_s44,middle,4,10M,44,7522,2026-09-26 15:42:35,616202240,2.6.0+cu124,1.647643944026112e+17,267386880.0,3.93798667497944,3.508771662338313,3.554093434670599,3.8759786910550775,3.93798667497944,3.508771662338313,3.5554580678059864,3.8771177408399926
15611200,10324800,5286400,15406400,iso_token,trunc,9.996,154009600,middle/trunc,True,320,89128960.0,False,5242880,20,35f42ee,2,0.00219,3,2,4,8,2,1,10M_middle_r4_k2_s42,middle,4,10M,42,1880,2026-09-26 12:35:10,154009600,2.6.0+cu124,3.1440234348544e+16,204144640.0,3.556150698099053,3.8987071757907175,3.95287527057163,4.19575551865892,3.556150698099053,3.8987071757907175,3.9603120358206865,4.2021063794258495
15611200,10324800,5286400,15406400,iso_flop,trunc,13.096,201768960,middle/trunc,True,320,89128960.0,False,5242880,20,35f42ee,2,0.00219,3,2,4,8,2,1,10M_middle_r4_k2_s42,middle,4,10M,42,2463,2026-09-26 12:42:08,201768960,2.6.0+cu124,4.11900517023744e+16,204144640.0,3.2834062508421984,3.7961321472053515,3.84743577199417,4.090238144989662,3.2834062508421984,3.7961321472053515,3.8523700076271155,4.096597719776008
15611200,10324800,5286400,15406400,iso_token,trunc,19.998,308101120,middle/trunc,True,320,89128960.0,False,5242880,20,35f42ee,2,0.00219,3,2,4,8,2,1,10M_middle_r4_k2_s42,middle,4,10M,42,3761,2026-09-26 12:50:10,308101120,2.6.0+cu124,6.28971922259968e+16,204144640.0,3.2218507051675416,3.6639324926474295,3.710695682017665,3.9599283176732865,3.2218507051675416,3.6639324926474295,3.713717087382671,3.9631960623080347
15611200,10324800,5286400,15406400,iso_flop,trunc,26.193,403537920,middle/trunc,True,320,89128960.0,False,5242880,20,35f42ee,2,0.00219,3,2,4,8,2,1,10M_middle_r4_k2_s42,middle,4,10M,42,4926,2026-09-26 12:59:09,403537920,2.6.0+cu124,8.23801034047488e+16,204144640.0,3.172079203639197,3.5923652401852304,3.6451807473267754,3.8950770916181203,3.172079203639197,3.5923652401852304,3.6475760857570187,3.8969762254485176
15611200,10324800,5286400,15406400,iso_token,trunc,39.997,616202240,middle/trunc,True,320,89128960.0,False,5242880,20,35f42ee,2,0.00219,3,2,4,8,2,1,10M_middle_r4_k2_s42,middle,4,10M,42,7522,2026-09-26 13:10:15,616202240,2.6.0+cu124,1.257943844519936e+17,204144640.0,3.0619490535557956,3.496835507455921,3.556640101033815,3.805127290333906,3.0619490535557956,3.496835507455921,3.558004103451443,3.806620569579716
15611200,10324800,5286400,15406400,iso_flop,trunc,52.391,807157760,middle/trunc,True,320,89128960.0,False,5242880,20,35f42ee,2,0.00219,3,2,4,8,2,1,10M_middle_r4_k2_s42,middle,4,10M,42,9853,2026-09-26 13:23:15,807157760,2.6.0+cu124,1.647769303384064e+17,204144640.0,3.032426131595012,3.462309275639783,3.517369880658301,3.7672494879199103,3.032426131595012,3.462309275639783,3.5179638182074267,3.767445814741162
15611200,10324800,5286400,15406400,iso_token,trunc,9.996,154009600,middle/trunc,True,320,89128960.0,False,5242880,20,35f42ee,2,0.00219,3,2,4,8,2,11,10M_middle_r4_k2_s43,middle,4,10M,43,1880,2026-09-26 12:51:48,154009600,2.6.0+cu124,3.1440234348544e+16,204144640.0,3.5715636874019174,3.971501414222008,3.989003669388456,4.23777067534941,3.5715636874019174,3.971501414222008,3.9966491166886655,4.244846246857481
15611200,10324800,5286400,15406400,iso_flop,trunc,13.096,201768960,middle/trunc,True,320,89128960.0,False,5242880,20,35f42ee,2,0.00219,3,2,4,8,2,11,10M_middle_r4_k2_s43,middle,4,10M,43,2463,2026-09-26 12:58:37,201768960,2.6.0+cu124,4.11900517023744e+16,204144640.0,3.5533862464787207,3.839049588369887,3.878804573528771,4.13380875916325,3.5533862464787207,3.839049588369887,3.8836554880825283,4.1404357823355005
15611200,10324800,5286400,15406400,iso_token,trunc,19.998,308101120,middle/trunc,True,320,89128960.0,False,5242880,20,35f42ee,2,0.00219,3,2,4,8,2,11,10M_middle_r4_k2_s43,middle,4,10M,43,3761,2026-09-26 13:06:29,308101120,2.6.0+cu124,6.28971922259968e+16,204144640.0,3.7460943015451456,3.7093511659742213,3.761364449522678,4.0503693221443156,3.7460943015451456,3.7093511659742213,3.7644527164195267,4.053307954290058
15611200,10324800,5286400,15406400,iso_flop,trunc,26.193,403537920,middle/trunc,True,320,89128960.0,False,5242880,20,35f42ee,2,0.00219,3,2,4,8,2,11,10M_middle_r4_k2_s43,middle,4,10M,43,4926,2026-09-26 13:15:16,403537920,2.6.0+cu124,8.23801034047488e+16,204144640.0,3.7454235712556962,3.6489488016374345,3.6985691758761527,3.992431624804485,3.7454235712556962,3.6489488016374345,3.7009178324290786,3.99369118186106
15611200,10324800,5286400,15406400,iso_token,trunc,39.997,616202240,middle/trunc,True,320,89128960.0,False,5242880,20,35f42ee,2,0.00219,3,2,4,8,2,11,10M_middle_r4_k2_s43,middle,4,10M,43,7522,2026-09-26 13:26:09,616202240,2.6.0+cu124,1.257943844519936e+17,204144640.0,3.635796041070185,3.539646391799987,3.595643563343616,3.8972596113268336,3.635796041070185,3.539646391799987,3.596974305064117,3.8986447962040103
15611200,10324800,5286400,15406400,iso_flop,trunc,52.391,807157760,middle/trunc,True,320,89128960.0,False,5242880,20,35f42ee,2,0.00219,3,2,4,8,2,11,10M_middle_r4_k2_s43,middle,4,10M,43,9853,2026-09-26 13:38:52,807157760,2.6.0+cu124,1.647769303384064e+17,204144640.0,3.7654948291931887,3.5341132501872,3.5559652224897196,3.8761903318744317,3.7654948291931887,3.5341132501872,3.5569856510134747,3.877020703054127
15611200,10324800,5286400,15406400,iso_token,trunc,9.996,154009600,middle/trunc,True,320,89128960.0,False,5242880,20,35f42ee,2,0.00219,3,2,4,8,2,5,10M_middle_r4_k2_s44,middle,4,10M,44,1880,2026-09-26 14:02:37,154009600,2.6.0+cu124,3.1440234348544e+16,204144640.0,3.778444421412813,3.942877871497888,3.9796560791695628,4.23608344452434,3.778444421412813,3.942877871497888,3.9871970549067526,4.241660491366269
15611200,10324800,5286400,15406400,iso_flop,trunc,13.096,201768960,middle/trunc,True,320,89128960.0,False,5242880,20,35f42ee,2,0.00219,3,2,4,8,2,5,10M_middle_r4_k2_s44,middle,4,10M,44,2463,2026-09-26 14:09:35,201768960,2.6.0+cu124,4.11900517023744e+16,204144640.0,3.6916280162175137,3.8541235934021127,3.8970131576427463,4.156506465392132,3.6916280162175137,3.8541235934021127,3.901669497896311,4.16305836243187
15611200,10324800,5286400,15406400,iso_token,trunc,19.998,308101120,middle/trunc,True,320,89128960.0,False,5242880,20,35f42ee,2,0.00219,3,2,4,8,2,5,10M_middle_r4_k2_s44,middle,4,10M,44,3761,2026-09-26 14:17:38,308101120,2.6.0+cu124,6.28971922259968e+16,204144640.0,3.5334314401538793,3.6882389861191784,3.7496275230698966,4.0109951484283295,3.5334314401538793,3.6882389861191784,3.7524746897661956,4.0137773768224285
15611200,10324800,5286400,15406400,iso_flop,trunc,26.193,403537920,middle/trunc,True,320,89128960.0,False,5242880,20,35f42ee,2,0.00219,3,2,4,8,2,5,10M_middle_r4_k2_s44,middle,4,10M,44,4926,2026-09-26 14:26:37,403537920,2.6.0+cu124,8.23801034047488e+16,204144640.0,3.4522267110849096,3.6199695943876637,3.6919960423106497,3.951534069858262,3.4522267110849096,3.6199695943876637,3.6944398557803537,3.952065922035436
15611200,10324800,5286400,15406400,iso_token,trunc,39.997,616202240,middle/trunc,True,320,89128960.0,False,5242880,20,35f42ee,2,0.00219,3,2,4,8,2,5,10M_middle_r4_k2_s44,middle,4,10M,44,7522,2026-09-26 14:37:43,616202240,2.6.0+cu124,1.257943844519936e+17,204144640.0,3.338033249872473,3.4955076183764215,3.5849657720240953,3.8470804844759043,3.338033249872473,3.4955076183764215,3.586253369454459,3.8487604449442423
15611200,10324800,5286400,15406400,iso_flop,trunc,52.391,807157760,middle/trunc,True,320,89128960.0,False,5242880,20,35f42ee,2,0.00219,3,2,4,8,2,5,10M_middle_r4_k2_s44,middle,4,10M,44,9853,2026-09-26 14:50:41,807157760,2.6.0+cu124,1.647769303384064e+17,204144640.0,3.2933262485212937,3.4565057193108046,3.532873561011785,3.794133606865734,3.2933262485212937,3.4565057193108046,3.5336121043412576,3.794734451914136
15611200,10324800,5286400,15406400,iso_token,full,9.996,154009600,middle/full,True,320,152371200.0,False,5242880,36,35f42ee,0,0.00219,3,2,4,8,2,0,10M_middle_r8_full_s42,middle,8,10M,42,1880,2026-09-26 11:08:35,154009600,2.6.0+cu124,7.039988269056e+16,457113600.0,3.8245396629944053,3.9043060779742436,3.944800470583736,4.207796474614211,3.8245396629944053,3.9043060779742436,3.9524306717576763,4.212451805393852
15611200,10324800,5286400,15406400,iso_token,full,19.998,308101120,middle/full,True,320,152371200.0,False,5242880,36,35f42ee,0,0.00219,3,2,4,8,2,0,10M_middle_r8_full_s42,middle,8,10M,42,3761,2026-09-26 11:23:52,308101120,2.6.0+cu124,1.40837212127232e+17,457113600.0,3.132631900666844,3.5785158308327127,3.6849736589427233,3.919952935920041,3.132631900666844,3.5785158308327127,3.6879722046203027,3.923762589306
15611200,10324800,5286400,15406400,iso_token,full,39.997,616202240,middle/full,True,320,152371200.0,False,5242880,36,35f42ee,0,0.00219,3,2,4,8,2,0,10M_middle_r8_full_s42,middle,8,10M,42,7522,2026-09-26 11:46:48,616202240,2.6.0+cu124,2.81674424254464e+17,457113600.0,3.0327326466878386,3.389827686120066,3.521693083971795,3.762392409855756,3.0327326466878386,3.389827686120066,3.5231277152941907,3.7637343647647126
15611200,10324800,5286400,15406400,iso_token,full,9.996,154009600,middle/full,True,320,152371200.0,False,5242880,36,35f42ee,0,0.00219,3,2,4,8,2,0,10M_middle_r8_full_s43,middle,8,10M,43,1880,2026-09-26 11:09:55,154009600,2.6.0+cu124,7.039988269056e+16,457113600.0,3.807694877434861,3.905312669300995,3.9558368997744946,4.215804964525225,3.807694877434861,3.905312669300995,3.9634090334690533,4.219293548485741
15611200,10324800,5286400,15406400,iso_token,full,19.998,308101120,middle/full,True,320,152371200.0,False,5242880,36,35f42ee,0,0.00219,3,2,4,8,2,0,10M_middle_r8_full_s43,middle,8,10M,43,3761,2026-09-26 11:25:12,308101120,2.6.0+cu124,1.40837212127232e+17,457113600.0,3.214864010244683,3.589642094244978,3.698910296808016,3.9356826103677838,3.214864010244683,3.589642094244978,3.7018093416319147,3.938548831552486
15611200,10324800,5286400,15406400,iso_token,full,39.997,616202240,middle/full,True,320,152371200.0,False,5242880,36,35f42ee,0,0.00219,3,2,4,8,2,0,10M_middle_r8_full_s43,middle,8,10M,43,7522,2026-09-26 11:48:06,616202240,2.6.0+cu124,2.81674424254464e+17,457113600.0,3.0811660032803108,3.4735823497813234,3.5327448740417213,3.785830834623453,3.0811660032803108,3.4735823497813234,3.534193206193462,3.787210126090232
15611200,10324800,5286400,15406400,iso_token,full,9.996,154009600,middle/full,True,320,152371200.0,False,5242880,36,35f42ee,0,0.00219,3,2,4,8,2,0,10M_middle_r8_full_s44,middle,8,10M,44,1880,2026-09-26 11:17:17,154009600,2.6.0+cu124,7.039988269056e+16,457113600.0,3.399151608627895,3.856299281260683,3.923508336368841,4.1606087552061295,3.399151608627895,3.856299281260683,3.931258186931115,4.168271259951229
15611200,10324800,5286400,15406400,iso_token,full,19.998,308101120,middle/full,True,320,152371200.0,False,5242880,36,35f42ee,0,0.00219,3,2,4,8,2,0,10M_middle_r8_full_s44,middle,8,10M,44,3761,2026-09-26 11:32:48,308101120,2.6.0+cu124,1.40837212127232e+17,457113600.0,3.1866644054176705,3.5779096068132796,3.6758654386530227,3.9158069920926826,3.1866644054176705,3.5779096068132796,3.6787882297356287,3.9187527236294266
15611200,10324800,5286400,15406400,iso_token,full,39.997,616202240,middle/full,True,320,152371200.0,False,5242880,36,35f42ee,0,0.00219,3,2,4,8,2,0,10M_middle_r8_full_s44,middle,8,10M,44,7522,2026-09-26 11:56:03,616202240,2.6.0+cu124,2.81674424254464e+17,457113600.0,3.0373558458794365,3.4370737760018524,3.5172774689178206,3.7596387012562356,3.0373558458794365,3.4370737760018524,3.5187235054451946,3.7611363642699094
15611200,10324800,5286400,15406400,iso_token,trunc,9.996,154009600,middle/trunc,True,320,152371200.0,False,5242880,36,35f42ee,4,0.00219,3,2,4,8,2,0,10M_middle_r8_k4_s42,middle,8,10M,42,1880,2026-09-26 06:22:42,154009600,2.6.0+cu124,5.0920058519552e+16,330629120.0,3.3977348205955473,3.870872223409577,3.9239141479155313,4.164333131027553,3.3977348205955473,3.870872223409577,3.93157613430105,4.1698397737131
15611200,10324800,5286400,15406400,iso_flop,trunc,13.825,212992000,middle/trunc,True,320,152371200.0,False,5242880,36,35f42ee,4,0.00219,3,2,4,8,2,0,10M_middle_r8_k4_s42,middle,8,10M,42,2600,2026-09-26 06:34:00,212992000,2.6.0+cu124,7.042135752704e+16,330629120.0,3.293795004887586,3.7230445504048153,3.7943483041957213,4.036362205084663,3.293795004887586,3.7230445504048153,3.7989200981260765,4.0424909046908715
15611200,10324800,5286400,15406400,iso_token,trunc,19.998,308101120,middle/trunc,True,320,152371200.0,False,5242880,36,35f42ee,4,0.00219,3,2,4,8,2,0,10M_middle_r8_k4_s42,middle,8,10M,42,3761,2026-09-26 06:46:56,308101120,2.6.0+cu124,1.018672021766144e+17,330629120.0,3.118602315192154,3.589784242658716,3.67918184280708,3.9147907213085373,3.118602315192154,3.589784242658716,3.6822157808799516,3.918579521888518
15611200,10324800,5286400,15406400,iso_flop,trunc,27.65,425984000,middle/trunc,True,320,152371200.0,False,5242880,36,35f42ee,4,0.00219,3,2,4,8,2,0,10M_middle_r8_k4_s42,middle,8,10M,42,5200,2026-09-26 07:01:52,425984000,2.6.0+cu124,1.4084271505408e+17,330629120.0,3.0960955751039276,3.490634219949558,3.59954883443486,3.83730466404511,3.0960955751039276,3.490634219949558,3.601804887749419,3.8400921905986594
15611200,10324800,5286400,15406400,iso_token,trunc,39.997,616202240,middle/trunc,True,320,152371200.0,False,5242880,36,35f42ee,4,0.00219,3,2,4,8,2,0,10M_middle_r8_k4_s42,middle,8,10M,42,7522,2026-09-26 07:20:02,616202240,2.6.0+cu124,2.037344043532288e+17,330629120.0,3.044197100647205,3.4094939035703056,3.521147905662076,3.7642360362617917,3.044197100647205,3.4094939035703056,3.522558952503523,3.7650117125315936
15611200,10324800,5286400,15406400,iso_flop,trunc,55.3,851968000,middle/trunc,True,320,152371200.0,False,5242880,36,35f42ee,4,0.00219,3,2,4,8,2,0,10M_middle_r8_k4_s42,middle,8,10M,42,10400,2026-09-26 07:42:12,851968000,2.6.0+cu124,2.8168543010816e+17,330629120.0,2.9362031565205204,3.3591875738094408,3.4626363541732856,3.700657966285738,2.9362031565205204,3.3591875738094408,3.463576256481779,3.7023265804825414
15611200,10324800,5286400,15406400,iso_token,trunc,9.996,154009600,middle/trunc,True,320,152371200.0,False,5242880,36,35f42ee,4,0.00219,3,2,4,8,2,0,10M_middle_r8_k4_s43,middle,8,10M,43,1880,2026-09-26 06:26:20,154009600,2.6.0+cu124,5.0920058519552e+16,330629120.0,3.483057522857972,3.9216061911149103,3.961087660403942,4.202848763212216,3.483057522857972,3.9216061911149103,3.968726071136659,4.211463635689615
15611200,10324800,5286400,15406400,iso_flop,trunc,13.825,212992000,middle/trunc,True,320,152371200.0,False,5242880,36,35f42ee,4,0.00219,3,2,4,8,2,0,10M_middle_r8_k4_s43,middle,8,10M,43,2600,2026-09-26 06:37:48,212992000,2.6.0+cu124,7.042135752704e+16,330629120.0,3.4053904523766967,3.781413100158971,3.826335726864773,4.071649198262081,3.4053904523766967,3.781413100158971,3.8308270612141513,4.077257325059125
15611200,10324800,5286400,15406400,iso_token,trunc,19.998,308101120,middle/trunc,True,320,152371200.0,False,5242880,36,35f42ee,4,0.00219,3,2,4,8,2,0,10M_middle_r8_k4_s43,middle,8,10M,43,3761,2026-09-26 06:50:54,308101120,2.6.0+cu124,1.018672021766144e+17,330629120.0,3.4257931738342657,3.642384376011224,3.7061738696801063,3.9634009770891474,3.4257931738342657,3.642384376011224,3.7091277334854866,3.966688967914037
15611200,10324800,5286400,15406400,iso_flop,trunc,27.65,425984000,middle/trunc,True,320,152371200.0,False,5242880,36,35f42ee,4,0.00219,3,2,4,8,2,0,10M_middle_r8_k4_s43,middle,8,10M,43,5200,2026-09-26 07:06:03,425984000,2.6.0+cu124,1.4084271505408e+17,330629120.0,3.416697118586399,3.5614777824722563,3.622817042810067,3.889623514488114,3.416697118586399,3.5614777824722563,3.624981167165329,3.8929557104930876
15611200,10324800,5286400,15406400,iso_token,trunc,39.997,616202240,middle/trunc,True,320,152371200.0,False,5242880,36,35f42ee,4,0.00219,3,2,4,8,2,0,10M_middle_r8_k4_s43,middle,8,10M,43,7522,2026-09-26 07:24:28,616202240,2.6.0+cu124,2.037344043532288e+17,330629120.0,3.5161264699686203,3.4863208564011026,3.5401979043324165,3.8241247306813184,3.5161264699686203,3.4863208564011026,3.541625050297108,3.825415635514633
15611200,10324800,5286400,15406400,iso_flop,trunc,55.3,851968000,middle/trunc,True,320,152371200.0,False,5242880,36,35f42ee,4,0.00219,3,2,4,8,2,0,10M_middle_r8_k4_s43,middle,8,10M,43,10400,2026-09-26 07:46:57,851968000,2.6.0+cu124,2.8168543010816e+17,330629120.0,3.4382689561561155,3.3890285275998213,3.4764811756902474,3.7527356080382437,3.4382689561561155,3.3890285275998213,3.477418529632842,3.7536078276173677
15611200,10324800,5286400,15406400,iso_token,trunc,9.996,154009600,middle/trunc,True,320,152371200.0,False,5242880,36,35f42ee,4,0.00219,3,2,4,8,2,0,10M_middle_r8_k4_s44,middle,8,10M,44,1880,2026-09-26 08:35:50,154009600,2.6.0+cu124,5.0920058519552e+16,330629120.0,3.6537356542909842,3.892455077013853,3.9589850657830183,4.208559394853223,3.6537356542909842,3.892455077013853,3.9664246377254577,4.214680235114041
15611200,10324800,5286400,15406400,iso_flop,trunc,13.825,212992000,middle/trunc,True,320,152371200.0,False,5242880,36,35f42ee,4,0.00219,3,2,4,8,2,0,10M_middle_r8_k4_s44,middle,8,10M,44,2600,2026-09-26 08:47:07,212992000,2.6.0+cu124,7.042135752704e+16,330629120.0,3.4149671978106007,3.7515945033197986,3.821298145394346,4.061790539234332,3.4149671978106007,3.7515945033197986,3.8256715178401794,4.067214242048027
15611200,10324800,5286400,15406400,iso_token,trunc,19.998,308101120,middle/trunc,True,320,152371200.0,False,5242880,36,35f42ee,4,0.00219,3,2,4,8,2,0,10M_middle_r8_k4_s44,middle,8,10M,44,3761,2026-09-26 09:00:00,308101120,2.6.0+cu124,1.018672021766144e+17,330629120.0,3.319225797223017,3.61484311016515,3.699046296882739,3.941196851836305,3.319225797223017,3.61484311016515,3.70210176039483,3.9451152476542064
15611200,10324800,5286400,15406400,iso_flop,trunc,27.65,425984000,middle/trunc,True,320,152371200.0,False,5242880,36,35f42ee,4,0.00219,3,2,4,8,2,0,10M_middle_r8_k4_s44,middle,8,10M,44,5200,2026-09-26 09:14:55,425984000,2.6.0+cu124,1.4084271505408e+17,330629120.0,3.39454227228464,3.5506427566867584,3.6170579242971925,3.8735084332272813,3.39454227228464,3.5506427566867584,3.619333157758509,3.8765217840296167
15611200,10324800,5286400,15406400,iso_token,trunc,39.997,616202240,middle/trunc,True,320,152371200.0,False,5242880,36,35f42ee,4,0.00219,3,2,4,8,2,0,10M_middle_r8_k4_s44,middle,8,10M,44,7522,2026-09-26 09:33:04,616202240,2.6.0+cu124,2.037344043532288e+17,330629120.0,3.1322008531694556,3.4478893091184104,3.5348612444010357,3.787311874918659,3.1322008531694556,3.4478893091184104,3.536312613813156,3.7887866769666982
15611200,10324800,5286400,15406400,iso_flop,trunc,55.3,851968000,middle/trunc,True,320,152371200.0,False,5242880,36,35f42ee,4,0.00219,3,2,4,8,2,0,10M_middle_r8_k4_s44,middle,8,10M,44,10400,2026-09-26 09:55:15,851968000,2.6.0+cu124,2.8168543010816e+17,330629120.0,3.0945911531861943,3.409124305870705,3.48197748327642,3.737889061776866,3.0945911531861943,3.409124305870705,3.4829971212512767,3.7397487695573624
15611200,5243200,10368000,15406400,iso_token,full,9.996,154009600,whole/full,True,320,72908800.0,False,5242880,16,35f42ee,0,0.00219,3,0,8,8,0,0,10M_whole_r2_full_s42,whole,2,10M,42,1880,2026-09-26 15:22:38,154009600,2.6.0+cu124,3.368596537344e+16,218726400.0,3.7770293246130504,4.067122585218896,4.075616519007976,4.336492256807919,3.7770293246130504,4.067122585218896,4.084145603667953,4.344057091593533
15611200,5243200,10368000,15406400,iso_token,full,19.998,308101120,whole/full,True,320,72908800.0,False,5242880,16,35f42ee,0,0.00219,3,0,8,8,0,0,10M_whole_r2_full_s42,whole,2,10M,42,3761,2026-09-26 15:30:03,308101120,2.6.0+cu124,6.7389848813568e+16,218726400.0,3.408047081889367,3.7375197548524715,3.799754893446746,4.049032203881741,3.408047081889367,3.7375197548524715,3.802917951335841,4.052733798291772
15611200,5243200,10368000,15406400,iso_token,full,39.997,616202240,whole/full,True,320,72908800.0,False,5242880,16,35f42ee,0,0.00219,3,0,8,8,0,0,10M_whole_r2_full_s42,whole,2,10M,42,7522,2026-09-26 15:40:41,616202240,2.6.0+cu124,1.34779697627136e+17,218726400.0,3.1984602494464665,3.568830319162851,3.632055753218978,3.884377851518433,3.1984602494464665,3.568830319162851,3.633468753522457,3.8861926670088134
15611200,5243200,10368000,15406400,iso_token,full,9.996,154009600,whole/full,True,320,72908800.0,False,5242880,16,35f42ee,0,0.00219,3,0,8,8,0,0,10M_whole_r2_full_s43,whole,2,10M,43,1880,2026-09-26 16:05:37,154009600,2.6.0+cu124,3.368596537344e+16,218726400.0,3.7781440531882167,4.123109713328745,4.121917588710589,4.378685201980156,3.7781440531882167,4.123109713328745,4.130171168068919,4.38769179357475
15611200,5243200,10368000,15406400,iso_token,full,19.998,308101120,whole/full,True,320,72908800.0,False,5242880,16,35f42ee,0,0.00219,3,0,8,8,0,0,10M_whole_r2_full_s43,whole,2,10M,43,3761,2026-09-26 16:12:55,308101120,2.6.0+cu124,6.7389848813568e+16,218726400.0,3.4032609880345923,3.7479386429261528,3.829095853637729,4.0725118951688595,3.4032609880345923,3.7479386429261528,3.832172491220953,4.0755302101216495
15611200,5243200,10368000,15406400,iso_token,full,39.997,616202240,whole/full,True,320,72908800.0,False,5242880,16,35f42ee,0,0.00219,3,0,8,8,0,0,10M_whole_r2_full_s43,whole,2,10M,43,7522,2026-09-26 16:23:25,616202240,2.6.0+cu124,1.34779697627136e+17,218726400.0,3.21191969973036,3.577805957866944,3.6552069240875382,3.90444099504542,3.21191969973036,3.577805957866944,3.656582467804243,3.9062757417235368
15611200,5243200,10368000,15406400,iso_token,full,9.996,154009600,whole/full,True,320,72908800.0,False,5242880,16,35f42ee,0,0.00219,3,0,8,8,0,0,10M_whole_r2_full_s44,whole,2,10M,44,1880,2026-09-26 16:06:40,154009600,2.6.0+cu124,3.368596537344e+16,218726400.0,3.793160299644218,4.1812861909466426,4.137911892195069,4.4048270891109595,3.793160299644218,4.1812861909466426,4.146480018244055,4.412548426257877
15611200,5243200,10368000,15406400,iso_token,full,19.998,308101120,whole/full,True,320,72908800.0,False,5242880,16,35f42ee,0,0.00219,3,0,8,8,0,0,10M_whole_r2_full_s44,whole,2,10M,44,3761,2026-09-26 16:13:59,308101120,2.6.0+cu124,6.7389848813568e+16,218726400.0,3.4399155347518526,3.7596846495738663,3.8222011718857813,4.075756323196562,3.4399155347518526,3.7596846495738663,3.8254032506560196,4.079832805461798
15611200,5243200,10368000,15406400,iso_token,full,39.997,616202240,whole/full,True,320,72908800.0,False,5242880,16,35f42ee,0,0.00219,3,0,8,8,0,0,10M_whole_r2_full_s44,whole,2,10M,44,7522,2026-09-26 16:24:29,616202240,2.6.0+cu124,1.34779697627136e+17,218726400.0,3.323464355944342,3.60162975068991,3.6464872236010426,3.9086669322795067,3.323464355944342,3.60162975068991,3.6478974143530576,3.909937206164338
15611200,5243200,10368000,15406400,iso_token,full,9.996,154009600,whole/full,True,320,135331840.0,False,5242880,32,35f42ee,0,0.00219,3,0,8,8,0,0,10M_whole_r4_full_s42,whole,4,10M,42,1880,2026-09-26 11:38:38,154009600,2.6.0+cu124,6.2527207636992e+16,405995520.0,3.7659765224682378,4.180633378830882,4.1449676709609875,4.409988026679749,3.7659765224682378,4.180633378830882,4.154496494964152,4.418989625404445
15611200,5243200,10368000,15406400,iso_token,full,19.998,308101120,whole/full,True,320,135331840.0,False,5242880,32,35f42ee,0,0.00219,3,0,8,8,0,0,10M_whole_r4_full_s42,whole,4,10M,42,3761,2026-09-26 11:52:28,308101120,2.6.0+cu124,1.250876744269824e+17,405995520.0,3.2810741186471564,3.7353668441165033,3.8028501537143624,4.041987113582515,3.2810741186471564,3.7353668441165033,3.806151833143224,4.0451078727421
15611200,5243200,10368000,15406400,iso_token,full,39.997,616202240,whole/full,True,320,135331840.0,False,5242880,32,35f42ee,0,0.00219,3,0,8,8,0,0,10M_whole_r4_full_s42,whole,4,10M,42,7522,2026-09-26 12:13:15,616202240,2.6.0+cu124,2.501753488539648e+17,405995520.0,2.9660353581236776,3.4966908973407516,3.6032537082748055,3.833409988961335,2.9660353581236776,3.4966908973407516,3.60465739809872,3.835008426262967
15611200,5243200,10368000,15406400,iso_token,full,9.996,154009600,whole/full,True,320,135331840.0,False,5242880,32,35f42ee,0,0.00219,3,0,8,8,0,0,10M_whole_r4_full_s43,whole,4,10M,43,1880,2026-09-26 12:54:22,154009600,2.6.0+cu124,6.2527207636992e+16,405995520.0,4.238478644274694,4.148763255732173,4.12603672159932,4.426101678198161,4.238478644274694,4.148763255732173,4.135476353668424,4.431231173494372
15611200,5243200,10368000,15406400,iso_token,full,19.998,308101120,whole/full,True,320,135331840.0,False,5242880,32,35f42ee,0,0.00219,3,0,8,8,0,0,10M_whole_r4_full_s43,whole,4,10M,43,3761,2026-09-26 13:08:17,308101120,2.6.0+cu124,1.250876744269824e+17,405995520.0,3.3859435237440962,3.6720275819945534,3.777888918778445,4.02225164148605,3.3859435237440962,3.6720275819945534,3.781112555045276,4.024388863805061
15611200,5243200,10368000,15406400,iso_token,full,39.997,616202240,whole/full,True,320,135331840.0,False,5242880,32,35f42ee,0,0.00219,3,0,8,8,0,0,10M_whole_r4_full_s43,whole,4,10M,43,7522,2026-09-26 13:29:11,616202240,2.6.0+cu124,2.501753488539648e+17,405995520.0,2.9851068702321966,3.4487261602353785,3.5826248673009102,3.811498309004527,2.9851068702321966,3.4487261602353785,3.584021969380096,3.8131371011073676
15611200,5243200,10368000,15406400,iso_token,full,9.996,154009600,whole/full,True,320,135331840.0,False,5242880,32,35f42ee,0,0.00219,3,0,8,8,0,0,10M_whole_r4_full_s44,whole,4,10M,44,1880,2026-09-26 12:55:25,154009600,2.6.0+cu124,6.2527207636992e+16,405995520.0,3.9508002195592167,4.120749718740931,4.133089181802055,4.398847391501494,3.9508002195592167,4.120749718740931,4.142205748343591,4.406658161197771
15611200,5243200,10368000,15406400,iso_token,full,19.998,308101120,whole/full,True,320,135331840.0,False,5242880,32,35f42ee,0,0.00219,3,0,8,8,0,0,10M_whole_r4_full_s44,whole,4,10M,44,3761,2026-09-26 13:09:19,308101120,2.6.0+cu124,1.250876744269824e+17,405995520.0,3.2438122510946656,3.6534618975398274,3.777183096991072,4.004890830058679,3.2438122510946656,3.6534618975398274,3.780268407981916,4.007687315699074
15611200,5243200,10368000,15406400,iso_token,full,39.997,616202240,whole/full,True,320,135331840.0,False,5242880,32,35f42ee,0,0.00219,3,0,8,8,0,0,10M_whole_r4_full_s44,whole,4,10M,44,7522,2026-09-26 13:30:12,616202240,2.6.0+cu124,2.501753488539648e+17,405995520.0,2.9412248682471613,3.4134061723973463,3.577939089328756,3.797228825964519,2.9412248682471613,3.4134061723973463,3.579309969127271,3.7986916252995155
15611200,5243200,10368000,15406400,iso_token,trunc,9.996,154009600,whole/trunc,True,320,135331840.0,False,5242880,32,35f42ee,2,0.00219,3,0,8,8,0,4,10M_whole_r4_k2_s42,whole,4,10M,42,1880,2026-09-26 08:45:09,154009600,2.6.0+cu124,4.3299712794624e+16,281149440.0,3.5007279912274676,3.841194818758524,3.8977703685460496,4.153392315374762,3.5007279912274676,3.841194818758524,3.905305072613538,4.161322428598961
15611200,5243200,10368000,15406400,iso_flop,trunc,14.436,222412800,whole/trunc,True,320,135331840.0,False,5242880,32,35f42ee,2,0.00219,3,0,8,8,0,4,10M_whole_r4_k2_s42,whole,4,10M,42,2715,2026-09-26 08:55:14,222412800,2.6.0+cu124,6.2531234168832e+16,281149440.0,3.950780300969298,3.7524660201148623,3.8283378435722235,4.119553467467001,3.950780300969298,3.7524660201148623,3.8327513861013607,4.115856595871328
15611200,5243200,10368000,15406400,iso_token,trunc,19.998,308101120,whole/trunc,True,320,135331840.0,False,5242880,32,35f42ee,2,0.00219,3,0,8,8,0,4,10M_whole_r4_k2_s42,whole,4,10M,42,3761,2026-09-26 09:06:37,308101120,2.6.0+cu124,8.66224573513728e+16,281149440.0,3.552638231215649,3.5572458944906136,3.6873118051236897,3.953980586708346,3.552638231215649,3.5572458944906136,3.6902340949159496,3.956688347173344
15611200,5243200,10368000,15406400,iso_flop,trunc,28.878,444907520,whole/trunc,True,320,135331840.0,False,5242880,32,35f42ee,2,0.00219,3,0,8,8,0,4,10M_whole_r4_k2_s42,whole,4,10M,42,5431,2026-09-26 09:20:02,444907520,2.6.0+cu124,1.250855000997888e+17,281149440.0,3.1571669467344767,3.461860260016895,3.593787330290878,3.835048438668843,3.1571669467344767,3.461860260016895,3.5954985336624445,3.836519819229402
15611200,5243200,10368000,15406400,iso_token,trunc,39.997,616202240,whole/trunc,True,320,135331840.0,False,5242880,32,35f42ee,2,0.00219,3,0,8,8,0,4,10M_whole_r4_k2_s42,whole,4,10M,42,7522,2026-09-26 09:36:01,616202240,2.6.0+cu124,1.732449147027456e+17,281149440.0,3.7447208286790485,3.499722307419656,3.589015236726662,3.8847920981415904,3.7447208286790485,3.499722307419656,3.5906347936005925,3.8880675131341227
15611200,5243200,10368000,15406400,iso_flop,trunc,57.762,889896960,whole/trunc,True,320,135331840.0,False,5242880,32,35f42ee,2,0.00219,3,0,8,8,0,4,10M_whole_r4_k2_s42,whole,4,10M,42,10863,2026-09-26 09:56:06,889896960,2.6.0+cu124,2.501940319617024e+17,281149440.0,3.856471225453756,3.4633286602821447,3.530481231625703,3.8395437478933716,3.856471225453756,3.4633286602821447,3.5313223515849597,3.8395677653028453
15611200,5243200,10368000,15406400,iso_token,trunc,9.996,154009600,whole/trunc,True,320,135331840.0,False,5242880,32,35f42ee,2,0.00219,3,0,8,8,0,1,10M_whole_r4_k2_s43,whole,4,10M,43,1880,2026-09-26 08:50:43,154009600,2.6.0+cu124,4.3299712794624e+16,281149440.0,3.6798934511957455,3.8497315569350223,3.873671810701398,4.14118151051689,3.6798934511957455,3.8497315569350223,3.8816315259285292,4.150782383033708
15611200,5243200,10368000,15406400,iso_flop,trunc,14.436,222412800,whole/trunc,True,320,135331840.0,False,5242880,32,35f42ee,2,0.00219,3,0,8,8,0,1,10M_whole_r4_k2_s43,whole,4,10M,43,2715,2026-09-26 09:00:58,222412800,2.6.0+cu124,6.2531234168832e+16,281149440.0,3.421910505679082,3.7086393625760286,3.742491584235487,4.0029528040800715,3.421910505679082,3.7086393625760286,3.747055443386414,4.003896020450116
15611200,5243200,10368000,15406400,iso_token,trunc,19.998,308101120,whole/trunc,True,320,135331840.0,False,5242880,32,35f42ee,2,0.00219,3,0,8,8,0,1,10M_whole_r4_k2_s43,whole,4,10M,43,3761,2026-09-26 09:12:32,308101120,2.6.0+cu124,8.66224573513728e+16,281149440.0,3.991917397812223,3.6633592824416863,3.686881933984157,4.00005910014613,3.991917397812223,3.6633592824416863,3.690795112693301,4.0000837182265405
15611200,5243200,10368000,15406400,iso_flop,trunc,28.878,444907520,whole/trunc,True,320,135331840.0,False,5242880,32,35f42ee,2,0.00219,3,0,8,8,0,1,10M_whole_r4_k2_s43,whole,4,10M,43,5431,2026-09-26 09:26:09,444907520,2.6.0+cu124,1.250855000997888e+17,281149440.0,3.290183361783554,3.5852805518815916,3.630612355324661,3.892957051310218,3.290183361783554,3.5852805518815916,3.634021713401576,3.894988496217335
15611200,5243200,10368000,15406400,iso_token,trunc,39.997,616202240,whole/trunc,True,320,135331840.0,False,5242880,32,35f42ee,2,0.00219,3,0,8,8,0,1,10M_whole_r4_k2_s43,whole,4,10M,43,7522,2026-09-26 09:42:21,616202240,2.6.0+cu124,1.732449147027456e+17,281149440.0,3.5297404460341544,3.530390635667617,3.5835489756041277,3.8693642823061727,3.5297404460341544,3.530390635667617,3.5882568210546495,3.872084156410926
15611200,5243200,10368000,15406400,iso_flop,trunc,57.762,889896960,whole/trunc,True,320,135331840.0,False,5242880,32,35f42ee,2,0.00219,3,0,8,8,0,1,10M_whole_r4_k2_s43,whole,4,10M,43,10863,2026-09-26 10:02:41,889896960,2.6.0+cu124,2.501940319617024e+17,281149440.0,3.1159404030312996,3.4530542326391,3.5017733817273573,3.754499363292534,3.1159404030312996,3.4530542326391,3.502673097832714,3.753820155082881
15611200,5243200,10368000,15406400,iso_token,trunc,9.996,154009600,whole/trunc,True,320,135331840.0,False,5242880,32,35f42ee,2,0.00219,3,0,8,8,0,10,10M_whole_r4_k2_s44,whole,4,10M,44,1880,2026-09-26 09:20:37,154009600,2.6.0+cu124,4.3299712794624e+16,281149440.0,3.6979679144824695,3.8549675075489405,3.9233302561082684,4.187140459948669,3.6979679144824695,3.8549675075489405,3.931782059977959,4.198994105693889
15611200,5243200,10368000,15406400,iso_flop,trunc,14.436,222412800,whole/trunc,True,320,135331840.0,False,5242880,32,35f42ee,2,0.00219,3,0,8,8,0,10,10M_whole_r4_k2_s44,whole,4,10M,44,2715,2026-09-26 09:30:41,222412800,2.6.0+cu124,6.2531234168832e+16,281149440.0,3.3177641541731657,3.751192616998896,3.824296205627974,4.068642654822271,3.3177641541731657,3.751192616998896,3.8296803289165378,4.074813984116393
15611200,5243200,10368000,15406400,iso_token,trunc,19.998,308101120,whole/trunc,True,320,135331840.0,False,5242880,32,35f42ee,2,0.00219,3,0,8,8,0,10,10M_whole_r4_k2_s44,whole,4,10M,44,3761,2026-09-26 09:42:03,308101120,2.6.0+cu124,8.66224573513728e+16,281149440.0,3.325628953914868,3.622929437376193,3.7359520403067545,3.9812934377532687,3.325628953914868,3.622929437376193,3.7392333120531642,3.9853029289185056
15611200,5243200,10368000,15406400,iso_flop,trunc,28.878,444907520,whole/trunc,True,320,135331840.0,False,5242880,32,35f42ee,2,0.00219,3,0,8,8,0,10,10M_whole_r4_k2_s44,whole,4,10M,44,5431,2026-09-26 09:55:27,444907520,2.6.0+cu124,1.250855000997888e+17,281149440.0,3.8707790140622005,3.5746940744313207,3.659787171340315,3.9603056124074443,3.8707790140622005,3.5746940744313207,3.661555014166774,3.963601052115114
15611200,5243200,10368000,15406400,iso_token,trunc,39.997,616202240,whole/trunc,True,320,135331840.0,False,5242880,32,35f42ee,2,0.00219,3,0,8,8,0,10,10M_whole_r4_k2_s44,whole,4,10M,44,7522,2026-09-26 10:11:23,616202240,2.6.0+cu124,1.732449147027456e+17,281149440.0,3.2888565813242017,3.5118775959175053,3.5917203544330136,3.854122234180613,3.2888565813242017,3.5118775959175053,3.5931433712204677,3.855406591550563
15611200,5243200,10368000,15406400,iso_flop,trunc,57.762,889896960,whole/trunc,True,320,135331840.0,False,5242880,32,35f42ee,2,0.00219,3,0,8,8,0,10,10M_whole_r4_k2_s44,whole,4,10M,44,10863,2026-09-26 10:31:20,889896960,2.6.0+cu124,2.501940319617024e+17,281149440.0,3.0182869661410376,3.442709526801572,3.523719998340383,3.764760491119345,3.0182869661410376,3.442709526801572,3.5246853139496124,3.765659759905376
15611200,5243200,10368000,15406400,iso_token,full,9.996,154009600,whole/full,True,320,260177920.0,False,5242880,64,35f42ee,0,0.00219,3,0,8,8,0,0,10M_whole_r8_full_s42,whole,8,10M,42,1880,2026-09-26 03:15:46,154009600,2.6.0+cu124,1.20209692164096e+17,780533760.0,3.443307058241478,3.6887039113451237,3.7921576273961826,4.039039790505217,3.443307058241478,3.6887039113451237,3.799875488377865,4.046035360818373
15611200,5243200,10368000,15406400,iso_token,full,19.998,308101120,whole/full,True,320,260177920.0,False,5242880,64,35f42ee,0,0.00219,3,0,8,8,0,0,10M_whole_r8_full_s42,whole,8,10M,42,3761,2026-09-26 03:41:06,308101120,2.6.0+cu124,2.404833256538112e+17,780533760.0,3.1559212075468275,3.4486773639076604,3.5801126729009427,3.822506516975019,3.1559212075468275,3.4486773639076604,3.58309786606387,3.8259668456788476
15611200,5243200,10368000,15406400,iso_token,full,39.997,616202240,whole/full,True,320,260177920.0,False,5242880,64,35f42ee,0,0.00219,3,0,8,8,0,0,10M_whole_r8_full_s42,whole,8,10M,42,7522,2026-09-26 04:19:26,616202240,2.6.0+cu124,4.809666513076224e+17,780533760.0,2.7513547963208853,3.2535683992521705,3.4491595256882297,3.666459481108604,2.7513547963208853,3.2535683992521705,3.4505437342448246,3.66760903832375
15611200,5243200,10368000,15406400,iso_token,full,9.996,154009600,whole/full,True,320,260177920.0,False,5242880,64,35f42ee,0,0.00219,3,0,8,8,0,0,10M_whole_r8_full_s43,whole,8,10M,43,1880,2026-09-26 06:23:15,154009600,2.6.0+cu124,1.20209692164096e+17,780533760.0,3.7290117171654096,3.737360034668405,3.7968994157460982,4.070965984878279,3.7290117171654096,3.737360034668405,3.8044889324799485,4.07774618811182
15611200,5243200,10368000,15406400,iso_token,full,19.998,308101120,whole/full,True,320,260177920.0,False,5242880,64,35f42ee,0,0.00219,3,0,8,8,0,0,10M_whole_r8_full_s43,whole,8,10M,43,3761,2026-09-26 06:48:37,308101120,2.6.0+cu124,2.404833256538112e+17,780533760.0,2.959444695235361,3.463596269713405,3.581653668252141,3.8099590903401257,2.959444695235361,3.463596269713405,3.5844731960104963,3.812902693004405
15611200,5243200,10368000,15406400,iso_token,full,39.997,616202240,whole/full,True,320,260177920.0,False,5242880,64,35f42ee,0,0.00219,3,0,8,8,0,0,10M_whole_r8_full_s43,whole,8,10M,43,7522,2026-09-26 07:26:58,616202240,2.6.0+cu124,4.809666513076224e+17,780533760.0,2.7970813234783427,3.2872480966853055,3.4499231823306906,3.67248783111084,2.7970813234783427,3.2872480966853055,3.4513400371427347,3.6741762320680755
15611200,5243200,10368000,15406400,iso_token,full,9.996,154009600,whole/full,True,320,260177920.0,False,5242880,64,35f42ee,0,0.00219,3,0,8,8,0,0,10M_whole_r8_full_s44,whole,8,10M,44,1880,2026-09-26 07:14:45,154009600,2.6.0+cu124,1.20209692164096e+17,780533760.0,3.2708999349263936,3.710928714316254,3.8073620979211893,4.039798705248622,3.2708999349263936,3.710928714316254,3.8150162668062264,4.0485560815520225
15611200,5243200,10368000,15406400,iso_token,full,19.998,308101120,whole/full,True,320,260177920.0,False,5242880,64,35f42ee,0,0.00219,3,0,8,8,0,0,10M_whole_r8_full_s44,whole,8,10M,44,3761,2026-09-26 07:39:56,308101120,2.6.0+cu124,2.404833256538112e+17,780533760.0,3.0514519695715387,3.477803203796048,3.5926495512062884,3.8301362855711156,3.0514519695715387,3.477803203796048,3.5955438561873243,3.8337453283204113
15611200,5243200,10368000,15406400,iso_token,full,39.997,616202240,whole/full,True,320,260177920.0,False,5242880,64,35f42ee,0,0.00219,3,0,8,8,0,0,10M_whole_r8_full_s44,whole,8,10M,44,7522,2026-09-26 08:18:01,616202240,2.6.0+cu124,4.809666513076224e+17,780533760.0,2.857942968742754,3.292215401319051,3.457301892528782,3.686425423183893,2.857942968742754,3.292215401319051,3.458724080453438,3.688406472430484
15611200,5243200,10368000,15406400,iso_token,trunc,9.996,154009600,whole/trunc,True,320,260177920.0,False,5242880,64,35f42ee,4,0.00219,3,0,8,8,0,0,10M_whole_r8_k4_s42,whole,8,10M,42,1880,2026-09-26 03:05:53,154009600,2.6.0+cu124,8.175470247936e+16,530841600.0,3.7658121542266287,3.7382684179998127,3.8089079962732204,4.08374798296051,3.7658121542266287,3.7382684179998127,3.816695933567111,4.088346925355618
15611200,5243200,10368000,15406400,iso_flop,trunc,14.702,226508800,whole/trunc,True,320,260177920.0,False,5242880,64,35f42ee,4,0.00219,3,0,8,8,0,0,10M_whole_r8_k4_s42,whole,8,10M,42,2765,2026-09-26 03:24:01,226508800,2.6.0+cu124,1.2024029380608e+17,530841600.0,3.252373131670031,3.6026505278061505,3.683822966582888,3.931107908879476,3.252373131670031,3.6026505278061505,3.6888056738438273,3.9372665985342707
15611200,5243200,10368000,15406400,iso_token,trunc,19.998,308101120,whole/trunc,True,320,260177920.0,False,5242880,64,35f42ee,4,0.00219,3,0,8,8,0,0,10M_whole_r8_k4_s42,whole,8,10M,42,3761,2026-09-26 03:44:22,308101120,2.6.0+cu124,1.63552891502592e+17,530841600.0,3.0525372548743235,3.5080863747824527,3.6083093880532835,3.850821310837486,3.0525372548743235,3.5080863747824527,3.611282118410869,3.854392644437112
15611200,5243200,10368000,15406400,iso_flop,trunc,29.405,453017600,whole/trunc,True,320,260177920.0,False,5242880,64,35f42ee,4,0.00219,3,0,8,8,0,0,10M_whole_r8_k4_s42,whole,8,10M,42,5530,2026-09-26 04:08:35,453017600,2.6.0+cu124,2.4048058761216e+17,530841600.0,3.0301466368779284,3.4335378363570594,3.5298848116418364,3.774381728455753,3.0301466368779284,3.4335378363570594,3.531936899479817,3.776977710829835
15611200,5243200,10368000,15406400,iso_token,trunc,39.997,616202240,whole/trunc,True,320,260177920.0,False,5242880,64,35f42ee,4,0.00219,3,0,8,8,0,0,10M_whole_r8_k4_s42,whole,8,10M,42,7522,2026-09-26 04:37:12,616202240,2.6.0+cu124,3.27105783005184e+17,530841600.0,2.843731345525383,3.3436095981662355,3.4740799579025046,3.708961065582987,2.843731345525383,3.3436095981662355,3.475481269458612,3.7106216768860123
15611200,5243200,10368000,15406400,iso_flop,trunc,58.814,906117120,whole/trunc,True,320,260177920.0,False,5242880,64,35f42ee,4,0.00219,3,0,8,8,0,0,10M_whole_r8_k4_s42,whole,8,10M,42,11061,2026-09-26 05:13:37,906117120,2.6.0+cu124,4.81004661768192e+17,530841600.0,2.8145944434836814,3.3049360333570084,3.4150437286252266,3.649096732009947,2.8145944434836814,3.3049360333570084,3.4158271976491363,3.6496617394821143
15611200,5243200,10368000,15406400,iso_token,trunc,9.996,154009600,whole/trunc,True,320,260177920.0,False,5242880,64,35f42ee,4,0.00219,3,0,8,8,0,0,10M_whole_r8_k4_s43,whole,8,10M,43,1880,2026-09-26 03:07:03,154009600,2.6.0+cu124,8.175470247936e+16,530841600.0,3.309009265718992,3.740710847480684,3.808771559966912,4.049283888182401,3.309009265718992,3.740710847480684,3.8164790164232607,4.056925867510153
15611200,5243200,10368000,15406400,iso_flop,trunc,14.702,226508800,whole/trunc,True,320,260177920.0,False,5242880,64,35f42ee,4,0.00219,3,0,8,8,0,0,10M_whole_r8_k4_s43,whole,8,10M,43,2765,2026-09-26 03:25:29,226508800,2.6.0+cu124,1.2024029380608e+17,530841600.0,3.2185153296134064,3.636199418706563,3.690484889321004,3.939982903460852,3.2185153296134064,3.636199418706563,3.6950473526415357,3.9436865490527366
15611200,5243200,10368000,15406400,iso_token,trunc,19.998,308101120,whole/trunc,True,320,260177920.0,False,5242880,64,35f42ee,4,0.00219,3,0,8,8,0,0,10M_whole_r8_k4_s43,whole,8,10M,43,3761,2026-09-26 03:46:08,308101120,2.6.0+cu124,1.63552891502592e+17,530841600.0,3.0812842955659363,3.5446126564057714,3.6134560035919003,3.856083737766863,3.0812842955659363,3.5446126564057714,3.6164264557730808,3.8584525774182516
15611200,5243200,10368000,15406400,iso_flop,trunc,29.405,453017600,whole/trunc,True,320,260177920.0,False,5242880,64,35f42ee,4,0.00219,3,0,8,8,0,0,10M_whole_r8_k4_s43,whole,8,10M,43,5530,2026-09-26 04:10:42,453017600,2.6.0+cu124,2.4048058761216e+17,530841600.0,2.989808487761534,3.440022841057014,3.5377243673556302,3.779561592817099,2.989808487761534,3.440022841057014,3.539816537666013,3.782399247449625
15611200,5243200,10368000,15406400,iso_token,trunc,39.997,616202240,whole/trunc,True,320,260177920.0,False,5242880,64,35f42ee,4,0.00219,3,0,8,8,0,0,10M_whole_r8_k4_s43,whole,8,10M,43,7522,2026-09-26 04:39:43,616202240,2.6.0+cu124,3.27105783005184e+17,530841600.0,2.875812278622264,3.3531901125082446,3.4868722456507615,3.722209037451949,2.875812278622264,3.3531901125082446,3.4882636709641126,3.723698893244922
15611200,5243200,10368000,15406400,iso_flop,trunc,58.814,906117120,whole/trunc,True,320,260177920.0,False,5242880,64,35f42ee,4,0.00219,3,0,8,8,0,0,10M_whole_r8_k4_s43,whole,8,10M,43,11061,2026-09-26 05:16:37,906117120,2.6.0+cu124,4.81004661768192e+17,530841600.0,2.8443911902018635,3.292051323645126,3.4290145916171983,3.6619279574312733,2.8443911902018635,3.292051323645126,3.429756797254224,3.661996418520791
15611200,5243200,10368000,15406400,iso_token,trunc,9.996,154009600,whole/trunc,True,320,260177920.0,False,5242880,64,35f42ee,4,0.00219,3,0,8,8,0,1,10M_whole_r8_k4_s44,whole,8,10M,44,1880,2026-09-26 03:05:08,154009600,2.6.0+cu124,8.175470247936e+16,530841600.0,3.4340435906456555,3.6930636897088807,3.808556955335493,4.048439776279136,3.4340435906456555,3.6930636897088807,3.8160322446805672,4.056011218050362
15611200,5243200,10368000,15406400,iso_flop,trunc,14.702,226508800,whole/trunc,True,320,260177920.0,False,5242880,64,35f42ee,4,0.00219,3,0,8,8,0,1,10M_whole_r8_k4_s44,whole,8,10M,44,2765,2026-09-26 03:23:08,226508800,2.6.0+cu124,1.2024029380608e+17,530841600.0,3.2132712338512857,3.5960955596496285,3.6803789117895453,3.928334543375515,3.2132712338512857,3.5960955596496285,3.684952734305823,3.933197269457113
15611200,5243200,10368000,15406400,iso_token,trunc,19.998,308101120,whole/trunc,True,320,260177920.0,False,5242880,64,35f42ee,4,0.00219,3,0,8,8,0,1,10M_whole_r8_k4_s44,whole,8,10M,44,3761,2026-09-26 03:43:21,308101120,2.6.0+cu124,1.63552891502592e+17,530841600.0,3.3439750738770395,3.51950867065825,3.607617902318236,3.863354263581058,3.3439750738770395,3.51950867065825,3.6105817621778526,3.86678500524032
15611200,5243200,10368000,15406400,iso_flop,trunc,29.405,453017600,whole/trunc,True,320,260177920.0,False,5242880,64,35f42ee,4,0.00219,3,0,8,8,0,1,10M_whole_r8_k4_s44,whole,8,10M,44,5530,2026-09-26 04:07:23,453017600,2.6.0+cu124,2.4048058761216e+17,530841600.0,3.1133431576283552,3.4365326427691945,3.5371131542674874,3.7865449390642825,3.1133431576283552,3.4365326427691945,3.5393715229460465,3.790433112595925
15611200,5243200,10368000,15406400,iso_token,trunc,39.997,616202240,whole/trunc,True,320,260177920.0,False,5242880,64,35f42ee,4,0.00219,3,0,8,8,0,1,10M_whole_r8_k4_s44,whole,8,10M,44,7522,2026-09-26 04:35:47,616202240,2.6.0+cu124,3.27105783005184e+17,530841600.0,2.860169030927756,3.3456043907772175,3.4779783728238534,3.709277425760327,2.860169030927756,3.3456043907772175,3.4793635957515345,3.711270740626157
15611200,5243200,10368000,15406400,iso_flop,trunc,58.814,906117120,whole/trunc,True,320,260177920.0,False,5242880,64,35f42ee,4,0.00219,3,0,8,8,0,1,10M_whole_r8_k4_s44,whole,8,10M,44,11061,2026-09-26 05:11:56,906117120,2.6.0+cu124,4.81004661768192e+17,530841600.0,2.815201892152579,3.3050814227424063,3.4132865421932355,3.653949304181465,2.815201892152579,3.3050814227424063,3.4140457503217037,3.6548596037605456
179590400,179590400,0,179590400,iso_token,full,4.998,897581056,dense/full,True,1280,401080320.0,False,20971520,8,35f42ee,0,0.00156,3,0,0,8,8,0,160M_dense_r1_s42,dense,1,160M,42,1712,2026-10-01 09:19:36,897581056,2.6.0+cu124,1.0800062914992538e+18,1203240960.0,2.888797819556426,3.1382450686335583,3.1564031477748706,3.4329968433605718,2.888797819556426,3.1382450686335583,3.1635670396365696,3.440984488676976
179590400,179590400,0,179590400,iso_token,full,9.999,1795686400,dense/full,True,1280,401080320.0,False,20971520,8,35f42ee,0,0.00156,3,0,0,8,8,0,160M_dense_r1_s42,dense,1,160M,42,3425,2026-10-01 10:45:45,1795686400,2.6.0+cu124,2.160643427794944e+18,1203240960.0,2.8162669342275004,3.005334145608607,2.981654039245278,3.271287999000059,2.8162669342275004,3.005334145608607,2.984062796817947,3.273364038813929
179590400,179590400,0,179590400,iso_token,full,19.998,3591372800,dense/full,True,1280,401080320.0,False,20971520,8,35f42ee,0,0.00156,3,0,0,8,8,0,160M_dense_r1_s42,dense,1,160M,42,6850,2026-10-01 13:22:58,3591372800,2.6.0+cu124,4.321286855589888e+18,1203240960.0,2.761260923888361,2.9727308342188383,2.8655299527488665,3.1760248455496636,2.761260923888361,2.9727308342188383,2.8664361154592677,3.176558806848073
179590400,179590400,0,179590400,iso_token,full,39.998,7183269888,dense/full,True,1280,401080320.0,False,20971520,8,35f42ee,0,0.00156,3,0,0,8,8,0,160M_dense_r1_s42,dense,1,160M,42,13701,2026-10-01 18:21:32,7183269888,2.6.0+cu124,8.643204555976212e+18,1203240960.0,2.5383264132465464,2.8525314624393405,2.782663727740237,3.060383919789173,2.5383264132465464,2.8525314624393405,2.783027684707123,3.0605977049393602
26844608,26844608,0,26844608,iso_token,full,5.0,134217728,dense/full,True,448,68354048.0,False,7340032,8,72d2e45,0,0.00153,3,0,0,8,8,0,20M_dense_r1_s42,dense,1,20M,42,1024,2026-10-07 02:30:01,134217728,2.6.0+cu124,2.752297506648883e+16,205062144.0,3.677728891409302,3.999033772690884,3.978259808622454,4.246360110831294,3.677728891409302,3.999033772690884,3.995525884431681,4.26247964838696
26844608,26844608,0,26844608,iso_token,full,10.0,268435456,dense/full,True,448,68354048.0,False,7340032,8,72d2e45,0,0.00153,3,0,0,8,8,0,20M_dense_r1_s42,dense,1,20M,42,2048,2026-10-07 02:36:26,268435456,2.6.0+cu124,5.504595013297766e+16,205062144.0,3.605772237746948,3.648575190202376,3.6549774315859747,3.9394593971872176,3.605772237746948,3.648575190202376,3.6600416241987452,3.945250056703981
26844608,26844608,0,26844608,iso_token,full,19.999,536870912,dense/full,True,448,68354048.0,False,7340032,8,72d2e45,0,0.00153,3,0,0,8,8,0,20M_dense_r1_s42,dense,1,20M,42,4096,2026-10-07 02:45:22,536870912,2.6.0+cu124,1.1009190026595533e+17,205062144.0,3.18038001252627,3.40698519673962,3.4683242498280484,3.732298989271789,3.18038001252627,3.40698519673962,3.4703061780202744,3.7343097940953776
26844608,26844608,0,26844608,iso_token,full,39.998,1073741824,dense/full,True,448,68354048.0,False,7340032,8,72d2e45,0,0.00153,3,0,0,8,8,0,20M_dense_r1_s42,dense,1,20M,42,8192,2026-10-07 02:59:18,1073741824,2.6.0+cu124,2.2018380053191066e+17,205062144.0,3.0271595260354878,3.3360165256575245,3.3399486982374174,3.6132435222343697,3.0271595260354878,3.3360165256575245,3.340596526855494,3.6141251490546753
26844608,26844608,0,26844608,iso_token,full,79.997,2147483648,dense/full,True,448,68354048.0,False,7340032,8,72d2e45,0,0.00153,3,0,0,8,8,0,20M_dense_r1_s42,dense,1,20M,42,16384,2026-10-07 03:23:15,2147483648,2.6.0+cu124,4.403676010638213e+17,205062144.0,3.295695996566471,3.2830866149515425,3.246985561365068,3.560655006987117,3.295695996566471,3.2830866149515425,3.2473153512327677,3.5611993696190214
26844608,26844608,0,26844608,iso_token,full,5.0,134217728,dense/full,True,448,68354048.0,False,7340032,8,72d2e45,0,0.00153,3,0,0,8,8,0,20M_dense_r1_s43,dense,1,20M,43,1024,2026-10-07 03:17:56,134217728,2.6.0+cu124,2.752297506648883e+16,205062144.0,3.9750353776452165,3.9800178778225863,3.9416445302974976,4.230049514067374,3.9750353776452165,3.9800178778225863,3.9580612900066945,4.23955860180746
26844608,26844608,0,26844608,iso_token,full,10.0,268435456,dense/full,True,448,68354048.0,False,7340032,8,72d2e45,0,0.00153,3,0,0,8,8,0,20M_dense_r1_s43,dense,1,20M,43,2048,2026-10-07 03:24:19,268435456,2.6.0+cu124,5.504595013297766e+16,205062144.0,3.548604203042002,3.5670483175324295,3.630961687195513,3.900808903168902,3.548604203042002,3.5670483175324295,3.6359662538613704,3.9102723672618542
26844608,26844608,0,26844608,iso_token,full,19.999,536870912,dense/full,True,448,68354048.0,False,7340032,8,72d2e45,0,0.00153,3,0,0,8,8,0,20M_dense_r1_s43,dense,1,20M,43,4096,2026-10-07 03:33:12,536870912,2.6.0+cu124,1.1009190026595533e+17,205062144.0,3.114497515226398,3.3720487140301802,3.451668984827289,3.708335720408159,3.114497515226398,3.3720487140301802,3.453631298893781,3.709990146667009
26844608,26844608,0,26844608,iso_token,full,39.998,1073741824,dense/full,True,448,68354048.0,False,7340032,8,72d2e45,0,0.00153,3,0,0,8,8,0,20M_dense_r1_s43,dense,1,20M,43,8192,2026-10-07 03:47:04,1073741824,2.6.0+cu124,2.2018380053191066e+17,205062144.0,2.975983550133387,3.259531503924637,3.3303189442297785,3.5878706446417126,2.975983550133387,3.259531503924637,3.3309072259310923,3.588771119050272
26844608,26844608,0,26844608,iso_token,full,79.997,2147483648,dense/full,True,448,68354048.0,False,7340032,8,72d2e45,0,0.00153,3,0,0,8,8,0,20M_dense_r1_s43,dense,1,20M,43,16384,2026-10-07 04:10:54,2147483648,2.6.0+cu124,4.403676010638213e+17,205062144.0,2.734774447727677,3.158813948223811,3.244310311899242,3.4916567123831648,2.734774447727677,3.158813948223811,3.2446233996082987,3.492727406923015
26844608,26844608,0,26844608,iso_token,full,5.0,134217728,dense/full,True,448,68354048.0,False,7340032,8,72d2e45,0,0.00153,3,0,0,8,8,0,20M_dense_r1_s44,dense,1,20M,44,1024,2026-10-07 03:34:56,134217728,2.6.0+cu124,2.752297506648883e+16,205062144.0,3.921007118603032,3.9765970059592544,3.94463276605285,4.227207548222437,3.921007118603032,3.9765970059592544,3.960936948885308,4.24797920459443
26844608,26844608,0,26844608,iso_token,full,10.0,268435456,dense/full,True,448,68354048.0,False,7340032,8,72d2e45,0,0.00153,3,0,0,8,8,0,20M_dense_r1_s44,dense,1,20M,44,2048,2026-10-07 03:41:21,268435456,2.6.0+cu124,5.504595013297766e+16,205062144.0,3.5803247047431346,3.5982715678736272,3.6319746743004786,3.915150633312872,3.5803247047431346,3.5982715678736272,3.6369887537120427,3.9220106602854425
26844608,26844608,0,26844608,iso_token,full,19.999,536870912,dense/full,True,448,68354048.0,False,7340032,8,72d2e45,0,0.00153,3,0,0,8,8,0,20M_dense_r1_s44,dense,1,20M,44,4096,2026-10-07 03:50:16,536870912,2.6.0+cu124,1.1009190026595533e+17,205062144.0,3.07212422990401,3.371769355534958,3.450691553926628,3.7058333778190917,3.07212422990401,3.371769355534958,3.452655195822041,3.7077013193841797
26844608,26844608,0,26844608,iso_token,full,39.998,1073741824,dense/full,True,448,68354048.0,False,7340032,8,72d2e45,0,0.00153,3,0,0,8,8,0,20M_dense_r1_s44,dense,1,20M,44,8192,2026-10-07 04:04:13,1073741824,2.6.0+cu124,2.2018380053191066e+17,205062144.0,2.804393413179048,3.2338618510122594,3.32547706890489,3.5672086385908863,2.804393413179048,3.2338618510122594,3.326119417749824,3.5678620722193224
26844608,26844608,0,26844608,iso_token,full,79.997,2147483648,dense/full,True,448,68354048.0,False,7340032,8,72d2e45,0,0.00153,3,0,0,8,8,0,20M_dense_r1_s44,dense,1,20M,44,16384,2026-10-07 04:28:10,2147483648,2.6.0+cu124,4.403676010638213e+17,205062144.0,2.755442935831688,3.155747658511435,3.236480190233037,3.4867112899142767,2.755442935831688,3.155747658511435,3.236822149402723,3.4873862291768716
27246016,17092544,10153472,26844608,iso_token,full,10.0,268435456,middle/full,True,448,96796672.0,False,7340032,12,72d2e45,0,0.00153,3,2,4,8,2,0,20M_middle_r2_full_s42,middle,2,20M,42,2048,2026-10-07 05:29:18,268435456,2.6.0+cu124,7.79509763628073e+16,290390016.0,3.0679238236607826,3.6294884794618145,3.6834509083257316,3.9251268836529194,3.0679238236607826,3.6294884794618145,3.689229526523942,3.9326165074742057
27246016,17092544,10153472,26844608,iso_token,full,19.999,536870912,middle/full,True,448,96796672.0,False,7340032,12,72d2e45,0,0.00153,3,2,4,8,2,0,20M_middle_r2_full_s42,middle,2,20M,42,4096,2026-10-07 05:40:51,536870912,2.6.0+cu124,1.559019527256146e+17,290390016.0,3.0009846394100252,3.4094478921537226,3.473463636090346,3.7272253354374185,3.0009846394100252,3.4094478921537226,3.4757486027666835,3.7288797190118035
27246016,17092544,10153472,26844608,iso_token,full,39.998,1073741824,middle/full,True,448,96796672.0,False,7340032,12,72d2e45,0,0.00153,3,2,4,8,2,0,20M_middle_r2_full_s42,middle,2,20M,42,8192,2026-10-07 05:58:58,1073741824,2.6.0+cu124,3.118039054512292e+17,290390016.0,2.874362396672662,3.3226034251734515,3.3291724199665516,3.5907201540036158,2.874362396672662,3.3226034251734515,3.329887643750649,3.5909400571886567
27246016,17092544,10153472,26844608,iso_token,full,10.0,268435456,middle/full,True,448,96796672.0,False,7340032,12,72d2e45,0,0.00153,3,2,4,8,2,0,20M_middle_r2_full_s43,middle,2,20M,43,2048,2026-10-07 05:39:33,268435456,2.6.0+cu124,7.79509763628073e+16,290390016.0,3.4783349107239667,3.633845851105312,3.687910593492526,3.9533946149256805,3.4783349107239667,3.633845851105312,3.693456203496579,3.961838262066864
27246016,17092544,10153472,26844608,iso_token,full,19.999,536870912,middle/full,True,448,96796672.0,False,7340032,12,72d2e45,0,0.00153,3,2,4,8,2,0,20M_middle_r2_full_s43,middle,2,20M,43,4096,2026-10-07 05:51:16,536870912,2.6.0+cu124,1.559019527256146e+17,290390016.0,3.2461672463020808,3.3981132508544936,3.4796075568578457,3.7469506789618547,3.2461672463020808,3.3981132508544936,3.4818801255792677,3.749520412240997
27246016,17092544,10153472,26844608,iso_token,full,39.998,1073741824,middle/full,True,448,96796672.0,False,7340032,12,72d2e45,0,0.00153,3,2,4,8,2,0,20M_middle_r2_full_s43,middle,2,20M,43,8192,2026-10-07 06:09:36,1073741824,2.6.0+cu124,3.118039054512292e+17,290390016.0,3.1375843519488456,3.2803516955939886,3.336063433291139,3.6095318147391624,3.1375843519488456,3.2803516955939886,3.336746423893762,3.6100784947916797
27246016,17092544,10153472,26844608,iso_token,full,10.0,268435456,middle/full,True,448,96796672.0,False,7340032,12,72d2e45,0,0.00153,3,2,4,8,2,0,20M_middle_r2_full_s44,middle,2,20M,44,2048,2026-10-07 06:14:45,268435456,2.6.0+cu124,7.79509763628073e+16,290390016.0,3.5275374699112554,3.632337079632393,3.693551014396847,3.9568912813138697,3.5275374699112554,3.632337079632393,3.6994037291389112,3.963628325466329
27246016,17092544,10153472,26844608,iso_token,full,19.999,536870912,middle/full,True,448,96796672.0,False,7340032,12,72d2e45,0,0.00153,3,2,4,8,2,0,20M_middle_r2_full_s44,middle,2,20M,44,4096,2026-10-07 06:26:16,536870912,2.6.0+cu124,1.559019527256146e+17,290390016.0,3.4893558876811435,3.450067072552865,3.483169136873928,3.771598575912455,3.4893558876811435,3.450067072552865,3.4854797414544403,3.7735435675848787
27246016,17092544,10153472,26844608,iso_token,full,39.998,1073741824,middle/full,True,448,96796672.0,False,7340032,12,72d2e45,0,0.00153,3,2,4,8,2,0,20M_middle_r2_full_s44,middle,2,20M,44,8192,2026-10-07 06:44:17,1073741824,2.6.0+cu124,3.118039054512292e+17,290390016.0,3.5138703454359295,3.5085093623378065,3.3390346996866436,3.6827764480834575,3.5138703454359295,3.5085093623378065,3.339768203309204,3.6831542958276233
27246016,17092544,10153472,26844608,iso_token,full,10.0,268435456,middle/full,True,448,152076288.0,False,7340032,20,72d2e45,0,0.00153,3,2,4,8,2,0,20M_middle_r4_full_s42,middle,4,20M,42,2048,2026-10-07 01:09:13,268435456,2.6.0+cu124,1.2246800314820198e+17,456228864.0,3.201120035432645,3.5602675141487903,3.660310020432715,3.894029269893014,3.201120035432645,3.5602675141487903,3.6659720079026634,3.905857751135627
27246016,17092544,10153472,26844608,iso_token,full,19.999,536870912,middle/full,True,448,152076288.0,False,7340032,20,72d2e45,0,0.00153,3,2,4,8,2,0,20M_middle_r4_full_s42,middle,4,20M,42,4096,2026-10-07 01:26:05,536870912,2.6.0+cu124,2.4493600629640397e+17,456228864.0,2.944275316472586,3.3256639383104223,3.443388528062913,3.680806767500452,2.944275316472586,3.3256639383104223,3.445727906922817,3.6833313345113616
27246016,17092544,10153472,26844608,iso_token,full,39.998,1073741824,middle/full,True,448,152076288.0,False,7340032,20,72d2e45,0,0.00153,3,2,4,8,2,0,20M_middle_r4_full_s42,middle,4,20M,42,8192,2026-10-07 01:52:35,1073741824,2.6.0+cu124,4.8987201259280794e+17,456228864.0,2.813717218742021,3.2216937282558935,3.2944703015978782,3.541121912078248,2.813717218742021,3.2216937282558935,3.2952330063498816,3.5419781908242602
27246016,17092544,10153472,26844608,iso_token,full,10.0,268435456,middle/full,True,448,152076288.0,False,7340032,20,72d2e45,0,0.00153,3,2,4,8,2,0,20M_middle_r4_full_s43,middle,4,20M,43,2048,2026-10-07 01:25:25,268435456,2.6.0+cu124,1.2246800314820198e+17,456228864.0,3.3200827613904007,3.6118610837994116,3.681583685498766,3.930725342068558,3.3200827613904007,3.6118610837994116,3.6871049283245534,3.9385439157628377
27246016,17092544,10153472,26844608,iso_token,full,19.999,536870912,middle/full,True,448,152076288.0,False,7340032,20,72d2e45,0,0.00153,3,2,4,8,2,0,20M_middle_r4_full_s43,middle,4,20M,43,4096,2026-10-07 01:42:24,536870912,2.6.0+cu124,2.4493600629640397e+17,456228864.0,3.09735608700264,3.4017266466543,3.4661810394195545,3.7217316549376442,3.09735608700264,3.4017266466543,3.468537319208141,3.723528928247918
27246016,17092544,10153472,26844608,iso_token,full,39.998,1073741824,middle/full,True,448,152076288.0,False,7340032,20,72d2e45,0,0.00153,3,2,4,8,2,0,20M_middle_r4_full_s43,middle,4,20M,43,8192,2026-10-07 02:09:06,1073741824,2.6.0+cu124,4.8987201259280794e+17,456228864.0,3.011665501772036,3.293860670986901,3.3141361882511418,3.583131206718606,3.011665501772036,3.293860670986901,3.314914134005704,3.5837802822875156
27246016,17092544,10153472,26844608,iso_token,full,10.0,268435456,middle/full,True,448,152076288.0,False,7340032,20,72d2e45,0,0.00153,3,2,4,8,2,0,20M_middle_r4_full_s44,middle,4,20M,44,2048,2026-10-07 02:01:12,268435456,2.6.0+cu124,1.2246800314820198e+17,456228864.0,3.3691606989630016,3.5695422827559655,3.6705233234537706,3.91872669413772,3.3691606989630016,3.5695422827559655,3.6762192802489615,3.9254685363537107
27246016,17092544,10153472,26844608,iso_token,full,19.999,536870912,middle/full,True,448,152076288.0,False,7340032,20,72d2e45,0,0.00153,3,2,4,8,2,0,20M_middle_r4_full_s44,middle,4,20M,44,4096,2026-10-07 02:18:27,536870912,2.6.0+cu124,2.4493600629640397e+17,456228864.0,3.228466840781812,3.392652359617195,3.4591136091003705,3.7278882398332396,3.228466840781812,3.392652359617195,3.4614209982624953,3.730392405093749
27246016,17092544,10153472,26844608,iso_token,full,39.998,1073741824,middle/full,True,448,152076288.0,False,7340032,20,72d2e45,0,0.00153,3,2,4,8,2,0,20M_middle_r4_full_s44,middle,4,20M,44,8192,2026-10-07 02:45:33,1073741824,2.6.0+cu124,4.8987201259280794e+17,456228864.0,3.09563992037018,3.4278845313531536,3.3116119198749523,3.621776711696011,3.09563992037018,3.4278845313531536,3.3123251402359526,3.621838428880034
27246016,17092544,10153472,26844608,iso_token,trunc,10.0,268435456,middle/trunc,True,448,152076288.0,False,7340032,20,72d2e45,2,0.00153,3,2,4,8,2,0,20M_middle_r4_k2_s42,middle,4,20M,42,2048,2026-10-06 22:06:17,268435456,2.6.0+cu124,9.27899852912722e+16,345669632.0,3.546560001021724,3.584006147373413,3.671402482989575,3.9364856167522224,3.546560001021724,3.584006147373413,3.6771668193217963,3.9417290670633736
27246016,17092544,10153472,26844608,iso_flop,trunc,13.198,354287616,middle/trunc,True,448,152076288.0,False,7340032,20,72d2e45,2,0.00153,3,2,4,8,2,0,20M_middle_r4_k2_s42,middle,4,20M,42,2703,2026-10-06 22:18:29,354287616,2.6.0+cu124,1.2246646984487731e+17,345669632.0,3.4115742016214603,3.5055035150372778,3.5912261208630882,3.8554556416046735,3.4115742016214603,3.5055035150372778,3.5954024880650053,3.8610829559275914
27246016,17092544,10153472,26844608,iso_token,trunc,19.999,536870912,middle/trunc,True,448,152076288.0,False,7340032,20,72d2e45,2,0.00153,3,2,4,8,2,0,20M_middle_r4_k2_s42,middle,4,20M,42,4096,2026-10-06 22:33:13,536870912,2.6.0+cu124,1.855799705825444e+17,345669632.0,3.0099821743172415,3.352844828059307,3.4628124013036534,3.7044817245560155,3.0099821743172415,3.352844828059307,3.465121358165104,3.707021709631301
27246016,17092544,10153472,26844608,iso_flop,trunc,26.395,708575232,middle/trunc,True,448,152076288.0,False,7340032,20,72d2e45,2,0.00153,3,2,4,8,2,0,20M_middle_r4_k2_s42,middle,4,20M,42,5406,2026-10-06 22:50:22,708575232,2.6.0+cu124,2.4493293968975462e+17,345669632.0,3.0911983053876253,3.32964036912817,3.402406709653364,3.660359366699015,3.0911983053876253,3.32964036912817,3.403794852542948,3.663374132216724
27246016,17092544,10153472,26844608,iso_token,trunc,39.998,1073741824,middle/trunc,True,448,152076288.0,False,7340032,20,72d2e45,2,0.00153,3,2,4,8,2,0,20M_middle_r4_k2_s42,middle,4,20M,42,8192,2026-10-06 23:12:37,1073741824,2.6.0+cu124,3.711599411650888e+17,345669632.0,3.101688906403158,3.3067671156693734,3.341538204962805,3.6085512201318872,3.101688906403158,3.3067671156693734,3.342373810982165,3.6077102692676184
27246016,17092544,10153472,26844608,iso_flop,trunc,52.791,1417150464,middle/trunc,True,448,152076288.0,False,7340032,20,72d2e45,2,0.00153,3,2,4,8,2,0,20M_middle_r4_k2_s42,middle,4,20M,42,10812,2026-10-06 23:39:39,1417150464,2.6.0+cu124,4.8986587937950925e+17,345669632.0,3.0642703156165827,3.2384362661809845,3.288617944838501,3.5578448043173037,3.0642703156165827,3.2384362661809845,3.2894008192319824,3.5589372161232546
27246016,17092544,10153472,26844608,iso_token,trunc,10.0,268435456,middle/trunc,True,448,152076288.0,False,7340032,20,72d2e45,2,0.00153,3,2,4,8,2,2,20M_middle_r4_k2_s43,middle,4,20M,43,2048,2026-10-06 22:20:50,268435456,2.6.0+cu124,9.27899852912722e+16,345669632.0,3.268327004922577,3.6353591727829584,3.701874273321577,3.949339244340179,3.268327004922577,3.6353591727829584,3.7073206967631194,3.954815264750623
27246016,17092544,10153472,26844608,iso_flop,trunc,13.198,354287616,middle/trunc,True,448,152076288.0,False,7340032,20,72d2e45,2,0.00153,3,2,4,8,2,2,20M_middle_r4_k2_s43,middle,4,20M,43,2703,2026-10-06 22:33:07,354287616,2.6.0+cu124,1.2246646984487731e+17,345669632.0,3.369853300821469,3.550648964151468,3.610197411773343,3.8753481973768484,3.369853300821469,3.550648964151468,3.6146359529862693,3.880710259256683
27246016,17092544,10153472,26844608,iso_token,trunc,19.999,536870912,middle/trunc,True,448,152076288.0,False,7340032,20,72d2e45,2,0.00153,3,2,4,8,2,2,20M_middle_r4_k2_s43,middle,4,20M,43,4096,2026-10-06 22:47:57,536870912,2.6.0+cu124,1.855799705825444e+17,345669632.0,3.116469272178754,3.4123036066853842,3.4856096066371554,3.742411948197644,3.116469272178754,3.4123036066853842,3.487808627533576,3.74374953699033
27246016,17092544,10153472,26844608,iso_flop,trunc,26.395,708575232,middle/trunc,True,448,152076288.0,False,7340032,20,72d2e45,2,0.00153,3,2,4,8,2,2,20M_middle_r4_k2_s43,middle,4,20M,43,5406,2026-10-06 23:05:13,708575232,2.6.0+cu124,2.4493293968975462e+17,345669632.0,3.179144874841507,3.377999424244681,3.4221560462077596,3.690237162538122,3.179144874841507,3.377999424244681,3.4235976072093535,3.6933510323028815
27246016,17092544,10153472,26844608,iso_token,trunc,39.998,1073741824,middle/trunc,True,448,152076288.0,False,7340032,20,72d2e45,2,0.00153,3,2,4,8,2,2,20M_middle_r4_k2_s43,middle,4,20M,43,8192,2026-10-06 23:27:37,1073741824,2.6.0+cu124,3.711599411650888e+17,345669632.0,3.0803214044567504,3.3132989686496503,3.337820133510948,3.6066890247503762,3.0803214044567504,3.3132989686496503,3.3385566689772084,3.6067939104028084
27246016,17092544,10153472,26844608,iso_flop,trunc,52.791,1417150464,middle/trunc,True,448,152076288.0,False,7340032,20,72d2e45,2,0.00153,3,2,4,8,2,2,20M_middle_r4_k2_s43,middle,4,20M,43,10812,2026-10-06 23:54:51,1417150464,2.6.0+cu124,4.8986587937950925e+17,345669632.0,2.9169458833916826,3.2505779201903473,3.2881194545779913,3.550635539589985,2.9169458833916826,3.2505779201903473,3.2888579155049094,3.551382821343505
27246016,17092544,10153472,26844608,iso_token,trunc,10.0,268435456,middle/trunc,True,448,152076288.0,False,7340032,20,72d2e45,2,0.00153,3,2,4,8,2,2,20M_middle_r4_k2_s44,middle,4,20M,44,2048,2026-10-06 23:29:59,268435456,2.6.0+cu124,9.27899852912722e+16,345669632.0,3.73033442652773,3.703013349303293,3.720792209622588,4.001716466746165,3.73033442652773,3.703013349303293,3.725655385919976,4.01430304507442
27246016,17092544,10153472,26844608,iso_flop,trunc,13.198,354287616,middle/trunc,True,448,152076288.0,False,7340032,20,72d2e45,2,0.00153,3,2,4,8,2,2,20M_middle_r4_k2_s44,middle,4,20M,44,2703,2026-10-06 23:42:17,354287616,2.6.0+cu124,1.2246646984487731e+17,345669632.0,3.8678303133061354,3.570450518111847,3.6083880850125603,3.9148754372976873,3.8678303133061354,3.570450518111847,3.6127985665638094,3.917014880006447
27246016,17092544,10153472,26844608,iso_token,trunc,19.999,536870912,middle/trunc,True,448,152076288.0,False,7340032,20,72d2e45,2,0.00153,3,2,4,8,2,2,20M_middle_r4_k2_s44,middle,4,20M,44,4096,2026-10-06 23:57:08,536870912,2.6.0+cu124,1.855799705825444e+17,345669632.0,3.1386804822757006,3.454377756574835,3.4857144855970517,3.7471311512303958,3.1386804822757006,3.454377756574835,3.4879635615825513,3.748740830171689
27246016,17092544,10153472,26844608,iso_flop,trunc,26.395,708575232,middle/trunc,True,448,152076288.0,False,7340032,20,72d2e45,2,0.00153,3,2,4,8,2,2,20M_middle_r4_k2_s44,middle,4,20M,44,5406,2026-10-07 00:14:25,708575232,2.6.0+cu124,2.4493293968975462e+17,345669632.0,3.194282667994908,3.4404739955866748,3.43250370074463,3.7092172690088754,3.194282667994908,3.4404739955866748,3.4339514014234,3.7128232687911606
27246016,17092544,10153472,26844608,iso_token,trunc,39.998,1073741824,middle/trunc,True,448,152076288.0,False,7340032,20,72d2e45,2,0.00153,3,2,4,8,2,2,20M_middle_r4_k2_s44,middle,4,20M,44,8192,2026-10-07 00:36:48,1073741824,2.6.0+cu124,3.711599411650888e+17,345669632.0,3.079287397227317,3.396671065841791,3.3546657414794545,3.636664727030674,3.079287397227317,3.396671065841791,3.3554306863283383,3.6378436363020277
27246016,17092544,10153472,26844608,iso_flop,trunc,52.791,1417150464,middle/trunc,True,448,152076288.0,False,7340032,20,72d2e45,2,0.00153,3,2,4,8,2,2,20M_middle_r4_k2_s44,middle,4,20M,44,10812,2026-10-07 01:04:02,1417150464,2.6.0+cu124,4.8986587937950925e+17,345669632.0,3.2763298917467356,3.396597421222382,3.318663142652645,3.627956596096383,3.2763298917467356,3.396597421222382,3.3196573695142724,3.6292735130546454
27246016,17092544,10153472,26844608,iso_token,full,10.0,268435456,middle/full,True,448,262635520.0,False,7340032,36,72d2e45,0,0.00153,3,2,4,8,2,0,20M_middle_r8_full_s42,middle,8,20M,42,2048,2026-10-06 14:39:20,268435456,2.6.0+cu124,2.1150205671899136e+17,787906560.0,3.7165819346999363,3.5785833180002595,3.6657954823075283,3.947653110062348,3.7165819346999363,3.5785833180002595,3.671637533877764,3.954615421156655
27246016,17092544,10153472,26844608,iso_token,full,19.999,536870912,middle/full,True,448,262635520.0,False,7340032,36,72d2e45,0,0.00153,3,2,4,8,2,0,20M_middle_r8_full_s42,middle,8,20M,42,4096,2026-10-06 15:12:05,536870912,2.6.0+cu124,4.230041134379827e+17,787906560.0,2.8746208137987606,3.3210783803232875,3.4461416909313227,3.6812824589164506,2.8746208137987606,3.3210783803232875,3.4485442376287168,3.6836732524255087
27246016,17092544,10153472,26844608,iso_token,full,39.998,1073741824,middle/full,True,448,262635520.0,False,7340032,36,72d2e45,0,0.00153,3,2,4,8,2,0,20M_middle_r8_full_s42,middle,8,20M,42,8192,2026-10-06 16:05:25,1073741824,2.6.0+cu124,8.460082268759654e+17,787906560.0,2.727905813666583,3.1763978840892055,3.2891052311054856,3.527841977995971,2.727905813666583,3.1763978840892055,3.2898839969207407,3.528446063560297
27246016,17092544,10153472,26844608,iso_token,full,10.0,268435456,middle/full,True,448,262635520.0,False,7340032,36,72d2e45,0,0.00153,3,2,4,8,2,0,20M_middle_r8_full_s43,middle,8,20M,43,2048,2026-10-06 15:06:16,268435456,2.6.0+cu124,2.1150205671899136e+17,787906560.0,3.222212791174313,3.592225019603786,3.679141236062502,3.923114671592894,3.222212791174313,3.592225019603786,3.684775662635072,3.9287759949692913
27246016,17092544,10153472,26844608,iso_token,full,19.999,536870912,middle/full,True,448,262635520.0,False,7340032,36,72d2e45,0,0.00153,3,2,4,8,2,0,20M_middle_r8_full_s43,middle,8,20M,43,4096,2026-10-06 15:38:17,536870912,2.6.0+cu124,4.230041134379827e+17,787906560.0,2.9396772542238345,3.356433060914957,3.457228296070844,3.696283990889673,2.9396772542238345,3.356433060914957,3.459616515374789,3.6984921169157308
27246016,17092544,10153472,26844608,iso_token,full,39.998,1073741824,middle/full,True,448,262635520.0,False,7340032,36,72d2e45,0,0.00153,3,2,4,8,2,0,20M_middle_r8_full_s43,middle,8,20M,43,8192,2026-10-06 16:30:22,1073741824,2.6.0+cu124,8.460082268759654e+17,787906560.0,2.8125730826981536,3.2192774544076665,3.3005978801165106,3.5477759164023355,2.8125730826981536,3.2192774544076665,3.301330234042118,3.548466395211167
27246016,17092544,10153472,26844608,iso_token,full,10.0,268435456,middle/full,True,448,262635520.0,False,7340032,36,72d2e45,0,0.00153,3,2,4,8,2,0,20M_middle_r8_full_s44,middle,8,20M,44,2048,2026-10-06 15:16:01,268435456,2.6.0+cu124,2.1150205671899136e+17,787906560.0,3.1919245355525123,3.5872640766969788,3.6703152596008146,3.906279281392868,3.1919245355525123,3.5872640766969788,3.6759216504440606,3.914465812930146
27246016,17092544,10153472,26844608,iso_token,full,19.999,536870912,middle/full,True,448,262635520.0,False,7340032,36,72d2e45,0,0.00153,3,2,4,8,2,0,20M_middle_r8_full_s44,middle,8,20M,44,4096,2026-10-06 15:48:15,536870912,2.6.0+cu124,4.230041134379827e+17,787906560.0,2.8955943062096585,3.3343142178694496,3.451722984184277,3.683644500881545,2.8955943062096585,3.3343142178694496,3.454098446079261,3.6855091926817285
27246016,17092544,10153472,26844608,iso_token,full,39.998,1073741824,middle/full,True,448,262635520.0,False,7340032,36,72d2e45,0,0.00153,3,2,4,8,2,0,20M_middle_r8_full_s44,middle,8,20M,44,8192,2026-10-06 16:40:44,1073741824,2.6.0+cu124,8.460082268759654e+17,787906560.0,2.820010232105092,3.265962558947219,3.2969415267328084,3.552336225396849,2.820010232105092,3.265962558947219,3.297668869616942,3.5528569294780397
27246016,17092544,10153472,26844608,iso_token,trunc,10.0,268435456,middle/trunc,True,448,262635520.0,False,7340032,36,72d2e45,4,0.00153,3,2,4,8,2,0,20M_middle_r8_k4_s42,middle,8,20M,42,2048,2026-10-05 20:59:47,268435456,2.6.0+cu124,1.5214602100513178e+17,566788096.0,3.388529321002457,3.5596861266289053,3.66526751603406,3.9184494918834765,3.388529321002457,3.5596861266289053,3.6710967934960728,3.9228848900953754
27246016,17092544,10153472,26844608,iso_flop,trunc,13.901,373161984,middle/trunc,True,448,262635520.0,False,7340032,36,72d2e45,4,0.00153,3,2,4,8,2,0,20M_middle_r8_k4_s42,middle,8,20M,42,2847,2026-10-05 21:21:41,373161984,2.6.0+cu124,2.1150377041094246e+17,566788096.0,3.147666481756943,3.4419678173809336,3.5514549621543905,3.7954357054417756,3.147666481756943,3.4419678173809336,3.555597445949253,3.8008743062814525
27246016,17092544,10153472,26844608,iso_token,trunc,19.999,536870912,middle/trunc,True,448,262635520.0,False,7340032,36,72d2e45,4,0.00153,3,2,4,8,2,0,20M_middle_r8_k4_s42,middle,8,20M,42,4096,2026-10-05 21:47:50,536870912,2.6.0+cu124,3.0429204201026355e+17,566788096.0,2.863037896152649,3.2999033547419447,3.4487925317799752,3.6812641888949966,2.863037896152649,3.2999033547419447,3.4512357766805155,3.6839258946892777
27246016,17092544,10153472,26844608,iso_flop,trunc,27.802,746323968,middle/trunc,True,448,262635520.0,False,7340032,36,72d2e45,4,0.00153,3,2,4,8,2,0,20M_middle_r8_k4_s42,middle,8,20M,42,5694,2026-10-05 22:19:28,746323968,2.6.0+cu124,4.230075408218849e+17,566788096.0,2.7958106973022185,3.250555255019862,3.368180549534394,3.6103058184940666,2.7958106973022185,3.250555255019862,3.369813173720422,3.6119179413875404
27246016,17092544,10153472,26844608,iso_token,trunc,39.998,1073741824,middle/trunc,True,448,262635520.0,False,7340032,36,72d2e45,4,0.00153,3,2,4,8,2,0,20M_middle_r8_k4_s42,middle,8,20M,42,8192,2026-10-05 22:59:36,1073741824,2.6.0+cu124,6.085840840205271e+17,566788096.0,2.769239000812433,3.2037238662348235,3.2987230392817617,3.541127895760796,2.769239000812433,3.2037238662348235,3.2995169921931873,3.5416762121664536
27246016,17092544,10153472,26844608,iso_flop,trunc,55.603,1492647936,middle/trunc,True,448,262635520.0,False,7340032,36,72d2e45,4,0.00153,3,2,4,8,2,0,20M_middle_r8_k4_s42,middle,8,20M,42,11388,2026-10-05 23:50:38,1492647936,2.6.0+cu124,8.460150816437699e+17,566788096.0,2.6999950489991273,3.140710249003785,3.2396842401150923,3.4839713373746224,2.6999950489991273,3.140710249003785,3.24041310200051,3.484553263646521
27246016,17092544,10153472,26844608,iso_token,trunc,10.0,268435456,middle/trunc,True,448,262635520.0,False,7340032,36,72d2e45,4,0.00153,3,2,4,8,2,0,20M_middle_r8_k4_s43,middle,8,20M,43,2048,2026-10-05 21:47:15,268435456,2.6.0+cu124,1.5214602100513178e+17,566788096.0,3.3499004104879497,3.5918005584822073,3.674694167666288,3.923126336329605,3.3499004104879497,3.5918005584822073,3.6804085176335657,3.928587785801588
27246016,17092544,10153472,26844608,iso_flop,trunc,13.901,373161984,middle/trunc,True,448,262635520.0,False,7340032,36,72d2e45,4,0.00153,3,2,4,8,2,0,20M_middle_r8_k4_s43,middle,8,20M,43,2847,2026-10-05 22:08:39,373161984,2.6.0+cu124,2.1150377041094246e+17,566788096.0,3.134199668842187,3.494322889906233,3.5628305416274366,3.8047441767020245,3.134199668842187,3.494322889906233,3.5668630086367497,3.80951047770905
27246016,17092544,10153472,26844608,iso_token,trunc,19.999,536870912,middle/trunc,True,448,262635520.0,False,7340032,36,72d2e45,4,0.00153,3,2,4,8,2,0,20M_middle_r8_k4_s43,middle,8,20M,43,4096,2026-10-05 22:34:12,536870912,2.6.0+cu124,3.0429204201026355e+17,566788096.0,2.9016596994838997,3.3659900953421658,3.4596682845828397,3.6945048760393666,2.9016596994838997,3.3659900953421658,3.462002305707673,3.6970068002392886
27246016,17092544,10153472,26844608,iso_flop,trunc,27.802,746323968,middle/trunc,True,448,262635520.0,False,7340032,36,72d2e45,4,0.00153,3,2,4,8,2,0,20M_middle_r8_k4_s43,middle,8,20M,43,5694,2026-10-05 23:05:04,746323968,2.6.0+cu124,4.230075408218849e+17,566788096.0,2.8660079875633735,3.3214056195705437,3.379060308206889,3.6298687945471326,2.8660079875633735,3.3214056195705437,3.3806648880502905,3.6315656634390923
27246016,17092544,10153472,26844608,iso_token,trunc,39.998,1073741824,middle/trunc,True,448,262635520.0,False,7340032,36,72d2e45,4,0.00153,3,2,4,8,2,0,20M_middle_r8_k4_s43,middle,8,20M,43,8192,2026-10-05 23:44:17,1073741824,2.6.0+cu124,6.085840840205271e+17,566788096.0,2.7960078554044556,3.246143425233011,3.3046647098830637,3.550079348767129,2.7960078554044556,3.246143425233011,3.305500091617995,3.5511843057898105
27246016,17092544,10153472,26844608,iso_flop,trunc,55.603,1492647936,middle/trunc,True,448,262635520.0,False,7340032,36,72d2e45,4,0.00153,3,2,4,8,2,0,20M_middle_r8_k4_s43,middle,8,20M,43,11388,2026-10-06 00:34:13,1492647936,2.6.0+cu124,8.460150816437699e+17,566788096.0,2.6185640010664795,3.1600529511191806,3.2495315622578307,3.485030186755531,2.6185640010664795,3.1600529511191806,3.2502382369315015,3.4858067395705703
27246016,17092544,10153472,26844608,iso_token,trunc,10.0,268435456,middle/trunc,True,448,262635520.0,False,7340032,36,72d2e45,4,0.00153,3,2,4,8,2,0,20M_middle_r8_k4_s44,middle,8,20M,44,2048,2026-10-05 23:06:27,268435456,2.6.0+cu124,1.5214602100513178e+17,566788096.0,3.4142040044723903,3.581357553254123,3.6757014393074035,3.9277667224355315,3.4142040044723903,3.581357553254123,3.681372697777648,3.933610915340159
27246016,17092544,10153472,26844608,iso_flop,trunc,13.901,373161984,middle/trunc,True,448,262635520.0,False,7340032,36,72d2e45,4,0.00153,3,2,4,8,2,0,20M_middle_r8_k4_s44,middle,8,20M,44,2847,2026-10-05 23:27:58,373161984,2.6.0+cu124,2.1150377041094246e+17,566788096.0,3.2642672836588287,3.4410501040350816,3.5613661083472374,3.807465597925376,3.2642672836588287,3.4410501040350816,3.5653382205470945,3.8113728491792407
27246016,17092544,10153472,26844608,iso_token,trunc,19.999,536870912,middle/trunc,True,448,262635520.0,False,7340032,36,72d2e45,4,0.00153,3,2,4,8,2,0,20M_middle_r8_k4_s44,middle,8,20M,44,4096,2026-10-05 23:53:41,536870912,2.6.0+cu124,3.0429204201026355e+17,566788096.0,2.9875952127641336,3.3328965356484104,3.458917941704931,3.7031397820129404,2.9875952127641336,3.3328965356484104,3.4612754759042805,3.7053277094243353
27246016,17092544,10153472,26844608,iso_flop,trunc,27.802,746323968,middle/trunc,True,448,262635520.0,False,7340032,36,72d2e45,4,0.00153,3,2,4,8,2,0,20M_middle_r8_k4_s44,middle,8,20M,44,5694,2026-10-06 00:24:48,746323968,2.6.0+cu124,4.230075408218849e+17,566788096.0,3.00893043055707,3.316586167000203,3.3788959480009706,3.6433951826873425,3.00893043055707,3.316586167000203,3.380495434621698,3.644450804666915
27246016,17092544,10153472,26844608,iso_token,trunc,39.998,1073741824,middle/trunc,True,448,262635520.0,False,7340032,36,72d2e45,4,0.00153,3,2,4,8,2,0,20M_middle_r8_k4_s44,middle,8,20M,44,8192,2026-10-06 01:04:18,1073741824,2.6.0+cu124,6.085840840205271e+17,566788096.0,2.923024467386522,3.286712165887403,3.303501042060324,3.5710057575675447,2.923024467386522,3.286712165887403,3.304233691872105,3.571715402612915
27246016,17092544,10153472,26844608,iso_flop,trunc,55.603,1492647936,middle/trunc,True,448,262635520.0,False,7340032,36,72d2e45,4,0.00153,3,2,4,8,2,0,20M_middle_r8_k4_s44,middle,8,20M,44,11388,2026-10-06 01:54:32,1492647936,2.6.0+cu124,8.460150816437699e+17,566788096.0,2.823118335279926,3.2617004127779787,3.247454636101056,3.522060841411973,2.823118335279926,3.2617004127779787,3.248177885400491,3.522683891004846
27246016,7340480,19905536,26844608,iso_token,full,10.0,268435456,whole/full,True,448,123633664.0,False,7340032,16,72d2e45,0,0.00153,3,0,8,8,0,0,20M_whole_r2_full_s42,whole,2,20M,42,2048,2026-10-07 04:01:12,268435456,2.6.0+cu124,9.956297691837235e+16,370900992.0,3.3646786574620107,3.722770382198197,3.748976567028449,4.002308997499504,3.3646786574620107,3.722770382198197,3.7549436175059214,4.008570529421202
27246016,7340480,19905536,26844608,iso_token,full,19.999,536870912,whole/full,True,448,123633664.0,False,7340032,16,72d2e45,0,0.00153,3,0,8,8,0,0,20M_whole_r2_full_s42,whole,2,20M,42,4096,2026-10-07 04:15:27,536870912,2.6.0+cu124,1.991259538367447e+17,370900992.0,3.333590021966441,3.4769178555861493,3.528874521750807,3.797098092345328,3.333590021966441,3.4769178555861493,3.5311732583191664,3.799211419168047
27246016,7340480,19905536,26844608,iso_token,full,39.998,1073741824,whole/full,True,448,123633664.0,False,7340032,16,72d2e45,0,0.00153,3,0,8,8,0,0,20M_whole_r2_full_s42,whole,2,20M,42,8192,2026-10-07 04:37:49,1073741824,2.6.0+cu124,3.982519076734894e+17,370900992.0,3.2119786377406254,3.337936869683729,3.382817503333121,3.6558617799551,3.2119786377406254,3.337936869683729,3.3835758261923963,3.6566359913176423
27246016,7340480,19905536,26844608,iso_token,full,10.0,268435456,whole/full,True,448,123633664.0,False,7340032,16,72d2e45,0,0.00153,3,0,8,8,0,0,20M_whole_r2_full_s43,whole,2,20M,43,2048,2026-10-07 04:37:40,268435456,2.6.0+cu124,9.956297691837235e+16,370900992.0,4.205495398090119,3.6997168113312395,3.744542087141024,4.0728136614093975,4.205495398090119,3.6997168113312395,3.7506608001486796,4.089029520014055
27246016,7340480,19905536,26844608,iso_token,full,19.999,536870912,whole/full,True,448,123633664.0,False,7340032,16,72d2e45,0,0.00153,3,0,8,8,0,0,20M_whole_r2_full_s43,whole,2,20M,43,4096,2026-10-07 04:51:43,536870912,2.6.0+cu124,1.991259538367447e+17,370900992.0,4.07432549323643,3.4454979502253256,3.5268875341445876,3.8540594001610056,4.07432549323643,3.4454979502253256,3.529197426685517,3.8586307565666202
27246016,7340480,19905536,26844608,iso_token,full,39.998,1073741824,whole/full,True,448,123633664.0,False,7340032,16,72d2e45,0,0.00153,3,0,8,8,0,0,20M_whole_r2_full_s43,whole,2,20M,43,8192,2026-10-07 05:13:46,1073741824,2.6.0+cu124,3.982519076734894e+17,370900992.0,3.7049059746031157,3.3369034030007656,3.38169987390949,3.695155247791859,3.7049059746031157,3.3369034030007656,3.3824561860865345,3.6951574963761424
27246016,7340480,19905536,26844608,iso_token,full,10.0,268435456,whole/full,True,448,123633664.0,False,7340032,16,72d2e45,0,0.00153,3,0,8,8,0,0,20M_whole_r2_full_s44,whole,2,20M,44,2048,2026-10-07 05:25:11,268435456,2.6.0+cu124,9.956297691837235e+16,370900992.0,3.5610556101006763,3.694365495263593,3.760309257856544,4.026100459769479,3.5610556101006763,3.694365495263593,3.766275602030125,4.030147425226235
27246016,7340480,19905536,26844608,iso_token,full,19.999,536870912,whole/full,True,448,123633664.0,False,7340032,16,72d2e45,0,0.00153,3,0,8,8,0,0,20M_whole_r2_full_s44,whole,2,20M,44,4096,2026-10-07 05:39:07,536870912,2.6.0+cu124,1.991259538367447e+17,370900992.0,3.277596085834879,3.4581936248881644,3.5348295403550294,3.7997556478219994,3.277596085834879,3.4581936248881644,3.537137773295356,3.802510482290424
27246016,7340480,19905536,26844608,iso_token,full,39.998,1073741824,whole/full,True,448,123633664.0,False,7340032,16,72d2e45,0,0.00153,3,0,8,8,0,0,20M_whole_r2_full_s44,whole,2,20M,44,8192,2026-10-07 06:01:01,1073741824,2.6.0+cu124,3.982519076734894e+17,370900992.0,3.1813622443493252,3.3387517548212897,3.384980030607472,3.658059633356178,3.1813622443493252,3.3387517548212897,3.3857531539408345,3.65718556537286
27246016,7340480,19905536,26844608,iso_token,full,10.0,268435456,whole/full,True,448,232587264.0,False,7340032,32,72d2e45,0,0.00153,3,0,8,8,0,0,20M_whole_r4_full_s42,whole,4,20M,42,2048,2026-10-06 16:32:04,268435456,2.6.0+cu124,1.8730400481489715e+17,697761792.0,3.5297800099194787,3.7737970442750184,3.8044799331795662,4.070672043786731,3.5297800099194787,3.7737970442750184,3.8110296041133904,4.077490628745283
27246016,7340480,19905536,26844608,iso_token,full,19.999,536870912,whole/full,True,448,232587264.0,False,7340032,32,72d2e45,0,0.00153,3,0,8,8,0,0,20M_whole_r4_full_s42,whole,4,20M,42,4096,2026-10-06 17:01:23,536870912,2.6.0+cu124,3.746080096297943e+17,697761792.0,3.0185873039331153,3.4607966284214533,3.540089509953364,3.7818487209570852,3.0185873039331153,3.4607966284214533,3.54257418983628,3.784234152581105
27246016,7340480,19905536,26844608,iso_token,full,39.998,1073741824,whole/full,True,448,232587264.0,False,7340032,32,72d2e45,0,0.00153,3,0,8,8,0,0,20M_whole_r4_full_s42,whole,4,20M,42,8192,2026-10-06 17:49:19,1073741824,2.6.0+cu124,7.492160192595886e+17,697761792.0,2.887152335884372,3.287807634474831,3.3736596766078346,3.6229834687074423,2.887152335884372,3.287807634474831,3.374387197929925,3.6240774944785503
27246016,7340480,19905536,26844608,iso_token,full,10.0,268435456,whole/full,True,448,232587264.0,False,7340032,32,72d2e45,0,0.00153,3,0,8,8,0,0,20M_whole_r4_full_s43,whole,4,20M,43,2048,2026-10-06 18:58:05,268435456,2.6.0+cu124,1.8730400481489715e+17,697761792.0,3.7225562363418954,3.685913594195959,3.765670595858913,4.035619751245316,3.7225562363418954,3.685913594195959,3.771845563261882,4.04090886123108
27246016,7340480,19905536,26844608,iso_token,full,19.999,536870912,whole/full,True,448,232587264.0,False,7340032,32,72d2e45,0,0.00153,3,0,8,8,0,0,20M_whole_r4_full_s43,whole,4,20M,43,4096,2026-10-06 19:27:48,536870912,2.6.0+cu124,3.746080096297943e+17,697761792.0,3.029168477311588,3.435592969694016,3.521551726109919,3.7653598021352526,3.029168477311588,3.435592969694016,3.523945518963289,3.7676900891487985
27246016,7340480,19905536,26844608,iso_token,full,39.998,1073741824,whole/full,True,448,232587264.0,False,7340032,32,72d2e45,0,0.00153,3,0,8,8,0,0,20M_whole_r4_full_s43,whole,4,20M,43,8192,2026-10-06 20:16:24,1073741824,2.6.0+cu124,7.492160192595886e+17,697761792.0,2.874092542010026,3.2431632025158477,3.364040545361765,3.6059942299072953,2.874092542010026,3.2431632025158477,3.3648019294463247,3.6071393311327875
27246016,7340480,19905536,26844608,iso_token,full,10.0,268435456,whole/full,True,448,232587264.0,False,7340032,32,72d2e45,0,0.00153,3,0,8,8,0,0,20M_whole_r4_full_s44,whole,4,20M,44,2048,2026-10-06 19:19:11,268435456,2.6.0+cu124,1.8730400481489715e+17,697761792.0,3.7197659873454585,3.7344419169698186,3.778406520064441,4.056715159572207,3.7197659873454585,3.7344419169698186,3.7845202243027636,4.063042226374091
27246016,7340480,19905536,26844608,iso_token,full,19.999,536870912,whole/full,True,448,232587264.0,False,7340032,32,72d2e45,0,0.00153,3,0,8,8,0,0,20M_whole_r4_full_s44,whole,4,20M,44,4096,2026-10-06 19:48:14,536870912,2.6.0+cu124,3.746080096297943e+17,697761792.0,3.032717779957017,3.42457074805538,3.5303710948398463,3.7705842052747025,3.032717779957017,3.42457074805538,3.5327190063778438,3.7725678029669987
27246016,7340480,19905536,26844608,iso_token,full,39.998,1073741824,whole/full,True,448,232587264.0,False,7340032,32,72d2e45,0,0.00153,3,0,8,8,0,0,20M_whole_r4_full_s44,whole,4,20M,44,8192,2026-10-06 20:35:44,1073741824,2.6.0+cu124,7.492160192595886e+17,697761792.0,2.858485427932325,3.253868225904893,3.3688777139167914,3.6079898175601923,2.858485427932325,3.253868225904893,3.369644686817742,3.6083187164030726
27246016,7340480,19905536,26844608,iso_token,trunc,10.0,268435456,whole/trunc,True,448,232587264.0,False,7340032,32,72d2e45,2,0.00153,3,0,8,8,0,1,20M_whole_r4_k2_s42,whole,4,20M,42,2048,2026-10-06 04:31:07,268435456,2.6.0+cu124,1.2880998621721395e+17,479854592.0,3.399541388226449,3.5522670125846556,3.643346947729905,3.896709028913168,3.399541388226449,3.5522670125846556,3.64888135956727,3.9014048433083293
27246016,7340480,19905536,26844608,iso_flop,trunc,14.54,390332416,whole/trunc,True,448,232587264.0,False,7340032,32,72d2e45,2,0.00153,3,0,8,8,0,1,20M_whole_r4_k2_s42,whole,4,20M,42,2978,2026-10-06 04:50:19,390332416,2.6.0+cu124,1.8730280222405427e+17,479854592.0,3.422258942011626,3.4593314676996223,3.534226024181122,3.8028753740337917,3.422258942011626,3.4593314676996223,3.537765607337507,3.811989984996059
27246016,7340480,19905536,26844608,iso_token,trunc,19.999,536870912,whole/trunc,True,448,232587264.0,False,7340032,32,72d2e45,2,0.00153,3,0,8,8,0,1,20M_whole_r4_k2_s42,whole,4,20M,42,4096,2026-10-06 05:12:47,536870912,2.6.0+cu124,2.576199724344279e+17,479854592.0,3.1169882547494656,3.332524634513564,3.4471250679409553,3.6978354138728875,3.1169882547494656,3.332524634513564,3.4493445485707426,3.6995815037968947
27246016,7340480,19905536,26844608,iso_flop,trunc,29.081,780664832,whole/trunc,True,448,232587264.0,False,7340032,32,72d2e45,2,0.00153,3,0,8,8,0,1,20M_whole_r4_k2_s42,whole,4,20M,42,5956,2026-10-06 05:40:41,780664832,2.6.0+cu124,3.7460560444810854e+17,479854592.0,3.1784666943834536,3.283714662431468,3.368248843517821,3.6359470170505293,3.1784666943834536,3.283714662431468,3.3694223592043127,3.635687824027455
27246016,7340480,19905536,26844608,iso_token,trunc,39.998,1073741824,whole/trunc,True,448,232587264.0,False,7340032,32,72d2e45,2,0.00153,3,0,8,8,0,1,20M_whole_r4_k2_s42,whole,4,20M,42,8192,2026-10-06 06:15:11,1073741824,2.6.0+cu124,5.152399448688558e+17,479854592.0,3.029444480588082,3.270402838255939,3.3361925700475106,3.593275381449297,3.029444480588082,3.270402838255939,3.337199735874553,3.5939512272501877
27246016,7340480,19905536,26844608,iso_flop,trunc,58.162,1561329664,whole/trunc,True,448,232587264.0,False,7340032,32,72d2e45,2,0.00153,3,0,8,8,0,1,20M_whole_r4_k2_s42,whole,4,20M,42,11912,2026-10-06 07:00:35,1561329664,2.6.0+cu124,7.492112088962171e+17,479854592.0,2.881328727785059,3.2167807238289097,3.281729191050948,3.536681838924511,2.881328727785059,3.2167807238289097,3.281997475123172,3.536722188220279
27246016,7340480,19905536,26844608,iso_token,trunc,10.0,268435456,whole/trunc,True,448,232587264.0,False,7340032,32,72d2e45,2,0.00153,3,0,8,8,0,1,20M_whole_r4_k2_s43,whole,4,20M,43,2048,2026-10-06 06:01:28,268435456,2.6.0+cu124,1.2880998621721395e+17,479854592.0,3.182670789626537,3.5737530979336967,3.6514429861120132,3.897757182283144,3.182670789626537,3.5737530979336967,3.6571629952929974,3.9033046303290533
27246016,7340480,19905536,26844608,iso_flop,trunc,14.54,390332416,whole/trunc,True,448,232587264.0,False,7340032,32,72d2e45,2,0.00153,3,0,8,8,0,1,20M_whole_r4_k2_s43,whole,4,20M,43,2978,2026-10-06 06:20:41,390332416,2.6.0+cu124,1.8730280222405427e+17,479854592.0,3.063908121954625,3.465674709891658,3.530990747969127,3.7805468504357207,3.063908121954625,3.465674709891658,3.5343946357520903,3.7846636203382205
27246016,7340480,19905536,26844608,iso_token,trunc,19.999,536870912,whole/trunc,True,448,232587264.0,False,7340032,32,72d2e45,2,0.00153,3,0,8,8,0,1,20M_whole_r4_k2_s43,whole,4,20M,43,4096,2026-10-06 06:43:11,536870912,2.6.0+cu124,2.576199724344279e+17,479854592.0,3.0412321229371893,3.389811239278687,3.476455410136006,3.729284489663245,3.0412321229371893,3.389811239278687,3.4788209712243945,3.7317346352218856
27246016,7340480,19905536,26844608,iso_flop,trunc,29.081,780664832,whole/trunc,True,448,232587264.0,False,7340032,32,72d2e45,2,0.00153,3,0,8,8,0,1,20M_whole_r4_k2_s43,whole,4,20M,43,5956,2026-10-06 07:11:08,780664832,2.6.0+cu124,3.7460560444810854e+17,479854592.0,2.924780044716311,3.3178156486189154,3.3950984132292814,3.6465347690044183,2.924780044716311,3.3178156486189154,3.3962732940429663,3.64701081019296
27246016,7340480,19905536,26844608,iso_token,trunc,39.998,1073741824,whole/trunc,True,448,232587264.0,False,7340032,32,72d2e45,2,0.00153,3,0,8,8,0,1,20M_whole_r4_k2_s43,whole,4,20M,43,8192,2026-10-06 07:45:36,1073741824,2.6.0+cu124,5.152399448688558e+17,479854592.0,2.8640117977543316,3.272524582211137,3.3354431280117516,3.585872375704495,2.8640117977543316,3.272524582211137,3.336188384965182,3.5861561920285876
27246016,7340480,19905536,26844608,iso_flop,trunc,58.162,1561329664,whole/trunc,True,448,232587264.0,False,7340032,32,72d2e45,2,0.00153,3,0,8,8,0,1,20M_whole_r4_k2_s43,whole,4,20M,43,11912,2026-10-06 08:31:00,1561329664,2.6.0+cu124,7.492112088962171e+17,479854592.0,2.889048443430916,3.211795877417895,3.276542218709799,3.53216651055946,2.889048443430916,3.211795877417895,3.27710699070249,3.5319407886679417
27246016,7340480,19905536,26844608,iso_token,trunc,10.0,268435456,whole/trunc,True,448,232587264.0,False,7340032,32,72d2e45,2,0.00153,3,0,8,8,0,0,20M_whole_r4_k2_s44,whole,4,20M,44,2048,2026-10-06 08:59:15,268435456,2.6.0+cu124,1.2880998621721395e+17,479854592.0,3.2239226450428644,3.5546132690083394,3.6432182269902236,3.8947102151813793,3.2239226450428644,3.5546132690083394,3.648871713032158,3.9008703118447436
27246016,7340480,19905536,26844608,iso_flop,trunc,14.54,390332416,whole/trunc,True,448,232587264.0,False,7340032,32,72d2e45,2,0.00153,3,0,8,8,0,0,20M_whole_r4_k2_s44,whole,4,20M,44,2978,2026-10-06 09:18:46,390332416,2.6.0+cu124,1.8730280222405427e+17,479854592.0,3.1539420084093677,3.440788968295083,3.5213941112728313,3.7724715642595577,3.1539420084093677,3.440788968295083,3.5246564067922765,3.7777336961208676
27246016,7340480,19905536,26844608,iso_token,trunc,19.999,536870912,whole/trunc,True,448,232587264.0,False,7340032,32,72d2e45,2,0.00153,3,0,8,8,0,0,20M_whole_r4_k2_s44,whole,4,20M,44,4096,2026-10-06 09:41:35,536870912,2.6.0+cu124,2.576199724344279e+17,479854592.0,2.969862515460901,3.348201836622181,3.4497152739273513,3.6923156069644762,2.969862515460901,3.348201836622181,3.4519756586397174,3.694432233910817
27246016,7340480,19905536,26844608,iso_flop,trunc,29.081,780664832,whole/trunc,True,448,232587264.0,False,7340032,32,72d2e45,2,0.00153,3,0,8,8,0,0,20M_whole_r4_k2_s44,whole,4,20M,44,5956,2026-10-06 10:09:58,780664832,2.6.0+cu124,3.7460560444810854e+17,479854592.0,3.1081158405844196,3.314114486839748,3.3784101030072073,3.644635841182517,3.1081158405844196,3.314114486839748,3.379662611031336,3.6449572304525497
27246016,7340480,19905536,26844608,iso_token,trunc,39.998,1073741824,whole/trunc,True,448,232587264.0,False,7340032,32,72d2e45,2,0.00153,3,0,8,8,0,0,20M_whole_r4_k2_s44,whole,4,20M,44,8192,2026-10-06 10:45:01,1073741824,2.6.0+cu124,5.152399448688558e+17,479854592.0,2.979133425412728,3.2666975985193,3.3310142276698604,3.590163875740676,2.979133425412728,3.2666975985193,3.332119276117274,3.5904614188965596
27246016,7340480,19905536,26844608,iso_flop,trunc,58.162,1561329664,whole/trunc,True,448,232587264.0,False,7340032,32,72d2e45,2,0.00153,3,0,8,8,0,0,20M_whole_r4_k2_s44,whole,4,20M,44,11912,2026-10-06 11:31:10,1561329664,2.6.0+cu124,7.492112088962171e+17,479854592.0,2.8688295501075967,3.1924424433414,3.2765383091880715,3.5291826193871376,2.8688295501075967,3.1924424433414,3.2768862015825824,3.528992812355557
27246016,7340480,19905536,26844608,iso_token,full,10.0,268435456,whole/full,True,448,450494464.0,False,7340032,64,72d2e45,0,0.00153,3,0,8,8,0,0,20M_whole_r8_full_s42,whole,8,20M,42,2048,2026-10-05 03:56:17,268435456,2.6.0+cu124,3.6278606060794675e+17,1351483392.0,3.6194562282340574,3.526009703395395,3.6218075707531625,3.8989258915663534,3.6194562282340574,3.526009703395395,3.6274300832327318,3.899440835112383
27246016,7340480,19905536,26844608,iso_token,full,19.999,536870912,whole/full,True,448,450494464.0,False,7340032,64,72d2e45,0,0.00153,3,0,8,8,0,0,20M_whole_r8_full_s42,whole,8,20M,42,4096,2026-10-05 04:51:25,536870912,2.6.0+cu124,7.255721212158935e+17,1351483392.0,2.8428980114944493,3.288364793376484,3.403495636444923,3.6405668286133164,2.8428980114944493,3.288364793376484,3.4059255070273706,3.643681015634741
27246016,7340480,19905536,26844608,iso_token,full,39.998,1073741824,whole/full,True,448,450494464.0,False,7340032,64,72d2e45,0,0.00153,3,0,8,8,0,0,20M_whole_r8_full_s42,whole,8,20M,42,8192,2026-10-05 06:21:52,1073741824,2.6.0+cu124,1.451144242431787e+18,1351483392.0,2.7491583400812454,3.164315110264661,3.261628128459415,3.5017493122471537,2.7491583400812454,3.164315110264661,3.2623866258568976,3.5019253887318897
27246016,7340480,19905536,26844608,iso_token,full,10.0,268435456,whole/full,True,448,450494464.0,False,7340032,64,72d2e45,0,0.00153,3,0,8,8,0,2,20M_whole_r8_full_s43,whole,8,20M,43,2048,2026-10-05 07:02:09,268435456,2.6.0+cu124,3.6278606060794675e+17,1351483392.0,3.4927861412075294,3.5395330633962585,3.6248300129046767,3.895727800704033,3.4927861412075294,3.5395330633962585,3.6304467155581754,3.9024517155461838
27246016,7340480,19905536,26844608,iso_token,full,19.999,536870912,whole/full,True,448,450494464.0,False,7340032,64,72d2e45,0,0.00153,3,0,8,8,0,2,20M_whole_r8_full_s43,whole,8,20M,43,4096,2026-10-05 07:58:10,536870912,2.6.0+cu124,7.255721212158935e+17,1351483392.0,2.958235772143958,3.27523002035637,3.40126037248046,3.6412003405796916,2.958235772143958,3.27523002035637,3.403634142632832,3.642963299005748
27246016,7340480,19905536,26844608,iso_token,full,39.998,1073741824,whole/full,True,448,450494464.0,False,7340032,64,72d2e45,0,0.00153,3,0,8,8,0,2,20M_whole_r8_full_s43,whole,8,20M,43,8192,2026-10-05 09:30:13,1073741824,2.6.0+cu124,1.451144242431787e+18,1351483392.0,2.585523928556383,3.1105600914264944,3.2553832100310176,3.4769639622065873,2.585523928556383,3.1105600914264944,3.2561421539856332,3.477506015486829
27246016,7340480,19905536,26844608,iso_token,full,10.0,268435456,whole/full,True,448,450494464.0,False,7340032,64,72d2e45,0,0.00153,3,0,8,8,0,0,20M_whole_r8_full_s44,whole,8,20M,44,2048,2026-10-05 10:19:39,268435456,2.6.0+cu124,3.6278606060794675e+17,1351483392.0,4.268371953398308,3.5068330782837145,3.59511600742276,3.928637431859421,4.268371953398308,3.5068330782837145,3.600894705777426,3.931933551975377
27246016,7340480,19905536,26844608,iso_token,full,19.999,536870912,whole/full,True,448,450494464.0,False,7340032,64,72d2e45,0,0.00153,3,0,8,8,0,0,20M_whole_r8_full_s44,whole,8,20M,44,4096,2026-10-05 11:14:26,536870912,2.6.0+cu124,7.255721212158935e+17,1351483392.0,3.0655686978242542,3.247430348944404,3.3855339971818768,3.6390444623618916,3.0655686978242542,3.247430348944404,3.387948080770785,3.640690704043323
27246016,7340480,19905536,26844608,iso_token,full,39.998,1073741824,whole/full,True,448,450494464.0,False,7340032,64,72d2e45,0,0.00153,3,0,8,8,0,0,20M_whole_r8_full_s44,whole,8,20M,44,8192,2026-10-05 12:44:22,1073741824,2.6.0+cu124,1.451144242431787e+18,1351483392.0,2.5922418625683994,3.1196988509563273,3.244262227537865,3.4727982638783246,2.5922418625683994,3.1196988509563273,3.2450418609855496,3.4737869132721317
27246016,7340480,19905536,26844608,iso_token,trunc,10.0,268435456,whole/trunc,True,448,450494464.0,False,7340032,64,72d2e45,4,0.00153,3,0,8,8,0,1,20M_whole_r8_k4_s42,whole,8,20M,42,2048,2026-10-04 20:52:50,268435456,2.6.0+cu124,2.4579802341258035e+17,915668992.0,3.1343303585032958,3.502923391057101,3.5884050496372395,3.834640027960229,3.1343303585032958,3.502923391057101,3.594455865843475,3.841764608603917
27246016,7340480,19905536,26844608,iso_flop,trunc,14.755,396099584,whole/trunc,True,448,450494464.0,False,7340032,64,72d2e45,4,0.00153,3,0,8,8,0,1,20M_whole_r8_k4_s42,whole,8,20M,42,3022,2026-10-04 21:29:13,396099584,2.6.0+cu124,3.626961068128993e+17,915668992.0,3.047360886834586,3.3977408964179467,3.4770393093261007,3.727097216390268,3.047360886834586,3.3977408964179467,3.4802520582148,3.7310055718493467
27246016,7340480,19905536,26844608,iso_token,trunc,19.999,536870912,whole/trunc,True,448,450494464.0,False,7340032,64,72d2e45,4,0.00153,3,0,8,8,0,1,20M_whole_r8_k4_s42,whole,8,20M,42,4096,2026-10-04 22:11:29,536870912,2.6.0+cu124,4.915960468251607e+17,915668992.0,2.966665885335051,3.3235357394630314,3.420311094570621,3.6690905412998465,2.966665885335051,3.3235357394630314,3.422772813268454,3.6708133553399844
27246016,7340480,19905536,26844608,iso_flop,trunc,29.515,792330240,whole/trunc,True,448,450494464.0,False,7340032,64,72d2e45,4,0.00153,3,0,8,8,0,1,20M_whole_r8_k4_s42,whole,8,20M,42,6045,2026-10-04 23:04:29,792330240,2.6.0+cu124,7.255122321919181e+17,915668992.0,2.970850141200655,3.2331290362611367,3.350501760038412,3.5984201480835596,2.970850141200655,3.2331290362611367,3.3522013593373026,3.6005010903202064
27246016,7340480,19905536,26844608,iso_token,trunc,39.998,1073741824,whole/trunc,True,448,450494464.0,False,7340032,64,72d2e45,4,0.00153,3,0,8,8,0,1,20M_whole_r8_k4_s42,whole,8,20M,42,8192,2026-10-05 00:09:15,1073741824,2.6.0+cu124,9.831920936503214e+17,915668992.0,2.7531330963048046,3.188193608450942,3.2905869611096517,3.5311570140563617,2.7531330963048046,3.188193608450942,3.2913777401718067,3.5318254514494374
27246016,7340480,19905536,26844608,iso_flop,trunc,59.036,1584791552,whole/trunc,True,448,450494464.0,False,7340032,64,72d2e45,4,0.00153,3,0,8,8,0,1,20M_whole_r8_k4_s42,whole,8,20M,42,12091,2026-10-05 01:35:30,1584791552,2.6.0+cu124,1.4511444829499556e+18,915668992.0,2.6317000919623488,3.13666616686844,3.23595541058882,3.4733646276707497,2.6317000919623488,3.13666616686844,3.236421434776634,3.474223170024024
27246016,7340480,19905536,26844608,iso_token,trunc,10.0,268435456,whole/trunc,True,448,450494464.0,False,7340032,64,72d2e45,4,0.00153,3,0,8,8,0,3,20M_whole_r8_k4_s43,whole,8,20M,43,2048,2026-10-05 00:24:59,268435456,2.6.0+cu124,2.4579802341258035e+17,915668992.0,3.4533105446601278,3.514751389538001,3.5819801149081565,3.8533330866893887,3.4533105446601278,3.514751389538001,3.5875699517637116,3.859535789940598
27246016,7340480,19905536,26844608,iso_flop,trunc,14.755,396099584,whole/trunc,True,448,450494464.0,False,7340032,64,72d2e45,4,0.00153,3,0,8,8,0,3,20M_whole_r8_k4_s43,whole,8,20M,43,3022,2026-10-05 01:00:24,396099584,2.6.0+cu124,3.626961068128993e+17,915668992.0,3.3211415126011072,3.3856819775007962,3.462157538064704,3.735586097142668,3.3211415126011072,3.3856819775007962,3.46518554305598,3.737533539265566
27246016,7340480,19905536,26844608,iso_token,trunc,19.999,536870912,whole/trunc,True,448,450494464.0,False,7340032,64,72d2e45,4,0.00153,3,0,8,8,0,3,20M_whole_r8_k4_s43,whole,8,20M,43,4096,2026-10-05 01:41:35,536870912,2.6.0+cu124,4.915960468251607e+17,915668992.0,3.1551884653674347,3.459784102375182,3.4759560570607873,3.7497501924567604,3.1551884653674347,3.459784102375182,3.4670677259603053,3.735956070160387
27246016,7340480,19905536,26844608,iso_flop,trunc,29.515,792330240,whole/trunc,True,448,450494464.0,False,7340032,64,72d2e45,4,0.00153,3,0,8,8,0,3,20M_whole_r8_k4_s43,whole,8,20M,43,6045,2026-10-05 02:33:14,792330240,2.6.0+cu124,7.255122321919181e+17,915668992.0,2.969624396214244,3.230102630787307,3.329472642512465,3.584760402303755,2.969624396214244,3.230102630787307,3.3310104847696533,3.5859270120605786
27246016,7340480,19905536,26844608,iso_token,trunc,39.998,1073741824,whole/trunc,True,448,450494464.0,False,7340032,64,72d2e45,4,0.00153,3,0,8,8,0,3,20M_whole_r8_k4_s43,whole,8,20M,43,8192,2026-10-05 03:36:22,1073741824,2.6.0+cu124,9.831920936503214e+17,915668992.0,2.7584191856342284,3.17887085736924,3.286908141301248,3.5292160239040706,2.7584191856342284,3.17887085736924,3.2876685931568588,3.52992159572022
27246016,7340480,19905536,26844608,iso_flop,trunc,59.036,1584791552,whole/trunc,True,448,450494464.0,False,7340032,64,72d2e45,4,0.00153,3,0,8,8,0,3,20M_whole_r8_k4_s43,whole,8,20M,43,12091,2026-10-05 05:00:22,1584791552,2.6.0+cu124,1.4511444829499556e+18,915668992.0,2.62024057063448,3.1110100846986155,3.2220727650492473,3.461913844723775,2.62024057063448,3.1110100846986155,3.2225256142293746,3.462341926517512
27246016,7340480,19905536,26844608,iso_token,trunc,10.0,268435456,whole/trunc,True,448,450494464.0,False,7340032,64,72d2e45,4,0.00153,3,0,8,8,0,1,20M_whole_r8_k4_s44,whole,8,20M,44,2048,2026-10-05 00:56:26,268435456,2.6.0+cu124,2.4579802341258035e+17,915668992.0,3.13595758732743,3.495076644378509,3.5914739962242117,3.8414981482881143,3.13595758732743,3.495076644378509,3.5980565295794036,3.8481304881014977
27246016,7340480,19905536,26844608,iso_flop,trunc,14.755,396099584,whole/trunc,True,448,450494464.0,False,7340032,64,72d2e45,4,0.00153,3,0,8,8,0,1,20M_whole_r8_k4_s44,whole,8,20M,44,3022,2026-10-05 01:32:10,396099584,2.6.0+cu124,3.626961068128993e+17,915668992.0,3.075498829226811,3.4043275500386367,3.4844685640481177,3.7401355506637595,3.075498829226811,3.4043275500386367,3.4878998437176105,3.7436067481590527
27246016,7340480,19905536,26844608,iso_token,trunc,19.999,536870912,whole/trunc,True,448,450494464.0,False,7340032,64,72d2e45,4,0.00153,3,0,8,8,0,1,20M_whole_r8_k4_s44,whole,8,20M,44,4096,2026-10-05 02:13:42,536870912,2.6.0+cu124,4.915960468251607e+17,915668992.0,2.8506311760307135,3.2935645732515377,3.405466645279768,3.647197284149651,2.8506311760307135,3.2935645732515377,3.4077983501421616,3.6496064774140824
27246016,7340480,19905536,26844608,iso_flop,trunc,29.515,792330240,whole/trunc,True,448,450494464.0,False,7340032,64,72d2e45,4,0.00153,3,0,8,8,0,1,20M_whole_r8_k4_s44,whole,8,20M,44,6045,2026-10-05 03:05:46,792330240,2.6.0+cu124,7.255122321919181e+17,915668992.0,2.8000534164527737,3.2161284371593277,3.322389253441489,3.567030086952398,2.8000534164527737,3.2161284371593277,3.323904812106475,3.568859472189004
27246016,7340480,19905536,26844608,iso_token,trunc,39.998,1073741824,whole/trunc,True,448,450494464.0,False,7340032,64,72d2e45,4,0.00153,3,0,8,8,0,1,20M_whole_r8_k4_s44,whole,8,20M,44,8192,2026-10-05 04:09:24,1073741824,2.6.0+cu124,9.831920936503214e+17,915668992.0,2.7446412473015203,3.1842823843272146,3.271247395643333,3.517018292297032,2.7446412473015203,3.1842823843272146,3.271989983709723,3.51753538996406
27246016,7340480,19905536,26844608,iso_flop,trunc,59.036,1584791552,whole/trunc,True,448,450494464.0,False,7340032,64,72d2e45,4,0.00153,3,0,8,8,0,1,20M_whole_r8_k4_s44,whole,8,20M,44,12091,2026-10-05 05:34:06,1584791552,2.6.0+cu124,1.4511444829499556e+18,915668992.0,2.659806980636774,3.1492658894974284,3.2176994265878758,3.4639459734205693,2.659806980636774,3.1492658894974284,3.218149542193297,3.4643531996250894
50145920,50145920,0,50145920,iso_token,full,4.999,250675200,dense/full,True,640,121241600.0,False,10485760,8,72d2e45,0,0.00183,3,0,0,8,8,0,40M_dense_r1_s42,dense,1,40M,42,1224,2026-10-05 16:44:53,250675200,2.6.0+cu124,9.117678698496e+16,363724800.0,3.2275052480535034,3.6254154733356367,3.6402606853759485,3.901840270130165,3.2275052480535034,3.6254154733356367,3.654261881707292,3.917276677335318
50145920,50145920,0,50145920,iso_token,full,9.998,501350400,dense/full,True,640,121241600.0,False,10485760,8,72d2e45,0,0.00183,3,0,0,8,8,0,40M_dense_r1_s42,dense,1,40M,42,2448,2026-10-05 16:57:49,501350400,2.6.0+cu124,1.8235357396992e+17,363724800.0,2.988045113933025,3.3745781998377744,3.400165662549096,3.662845152740709,2.988045113933025,3.3745781998377744,3.4037355587974054,3.666517046266011
50145920,50145920,0,50145920,iso_token,full,20.0,1002905600,dense/full,True,640,121241600.0,False,10485760,8,72d2e45,0,0.00183,3,0,0,8,8,0,40M_dense_r1_s42,dense,1,40M,42,4897,2026-10-05 17:17:57,1002905600,2.6.0+cu124,3.6478163877888e+17,363724800.0,2.8908850149126635,3.2358927637266923,3.245840823981416,3.5105232550223713,2.8908850149126635,3.2358927637266923,3.2475852119691844,3.5124080951802266
50145920,50145920,0,50145920,iso_token,full,39.999,2005811200,dense/full,True,640,121241600.0,False,10485760,8,72d2e45,0,0.00183,3,0,0,8,8,0,40M_dense_r1_s42,dense,1,40M,42,9794,2026-10-05 17:52:25,2005811200,2.6.0+cu124,7.2956327755776e+17,363724800.0,3.2687693419077326,3.147708060231042,3.1373150372491514,3.4530611232546433,3.2687693419077326,3.147708060231042,3.1380082918233625,3.4537166877168324
50145920,50145920,0,50145920,iso_token,full,79.999,4011622400,dense/full,True,640,121241600.0,False,10485760,8,72d2e45,0,0.00183,3,0,0,8,8,0,40M_dense_r1_s42,dense,1,40M,42,19588,2026-10-05 18:55:42,4011622400,2.6.0+cu124,1.45912655511552e+18,363724800.0,2.7550897289790974,3.0789719875748394,3.058185721006227,3.3271701826391777,2.7550897289790974,3.0789719875748394,3.0583989258619275,3.3276760871901137
50145920,50145920,0,50145920,iso_token,full,4.999,250675200,dense/full,True,640,121241600.0,False,10485760,8,72d2e45,0,0.00183,3,0,0,8,8,0,40M_dense_r1_s43,dense,1,40M,43,1224,2026-10-05 18:02:00,250675200,2.6.0+cu124,9.117678698496e+16,363724800.0,3.2238660391913565,3.6228571837291783,3.6446289196250343,3.899527020354552,3.2238660391913565,3.6228571837291783,3.6585015484527665,3.9155228056466647
50145920,50145920,0,50145920,iso_token,full,9.998,501350400,dense/full,True,640,121241600.0,False,10485760,8,72d2e45,0,0.00183,3,0,0,8,8,0,40M_dense_r1_s43,dense,1,40M,43,2448,2026-10-05 18:15:02,501350400,2.6.0+cu124,1.8235357396992e+17,363724800.0,2.9843404310150365,3.361371497430167,3.4040761512708846,3.661279943472632,2.9843404310150365,3.361371497430167,3.4076397009860195,3.6649680270611236
50145920,50145920,0,50145920,iso_token,full,20.0,1002905600,dense/full,True,640,121241600.0,False,10485760,8,72d2e45,0,0.00183,3,0,0,8,8,0,40M_dense_r1_s43,dense,1,40M,43,4897,2026-10-05 18:35:19,1002905600,2.6.0+cu124,3.6478163877888e+17,363724800.0,2.885584775267838,3.229068539865396,3.2482862151439607,3.512953192216876,2.885584775267838,3.229068539865396,3.2500371370677272,3.514545187728696
50145920,50145920,0,50145920,iso_token,full,39.999,2005811200,dense/full,True,640,121241600.0,False,10485760,8,72d2e45,0,0.00183,3,0,0,8,8,0,40M_dense_r1_s43,dense,1,40M,43,9794,2026-10-05 19:10:04,2005811200,2.6.0+cu124,7.2956327755776e+17,363724800.0,2.7274941830192927,3.1267882528212767,3.13901255177057,3.404583664266606,2.7274941830192927,3.1267882528212767,3.1397218144782095,3.40513418231991
50145920,50145920,0,50145920,iso_token,full,79.999,4011622400,dense/full,True,640,121241600.0,False,10485760,8,72d2e45,0,0.00183,3,0,0,8,8,0,40M_dense_r1_s43,dense,1,40M,43,19588,2026-10-05 20:13:48,4011622400,2.6.0+cu124,1.45912655511552e+18,363724800.0,2.687255685019741,3.0736783445720683,3.0602216369798905,3.3270872593365484,2.687255685019741,3.0736783445720683,3.0604366295224588,3.3276106092849393
50145920,50145920,0,50145920,iso_token,full,4.999,250675200,dense/full,True,640,121241600.0,False,10485760,8,72d2e45,0,0.00183,3,0,0,8,8,0,40M_dense_r1_s44,dense,1,40M,44,1224,2026-10-05 18:49:13,250675200,2.6.0+cu124,9.117678698496e+16,363724800.0,3.257674163488082,3.6248920510962814,3.647083492295459,3.909596363756308,3.257674163488082,3.6248920510962814,3.6611184003341983,3.924327719704545
50145920,50145920,0,50145920,iso_token,full,9.998,501350400,dense/full,True,640,121241600.0,False,10485760,8,72d2e45,0,0.00183,3,0,0,8,8,0,40M_dense_r1_s44,dense,1,40M,44,2448,2026-10-05 19:02:14,501350400,2.6.0+cu124,1.8235357396992e+17,363724800.0,3.0945800268108665,3.404585225285122,3.4071551526101596,3.6825707298985066,3.0945800268108665,3.404585225285122,3.410701136088919,3.685370183220116
50145920,50145920,0,50145920,iso_token,full,20.0,1002905600,dense/full,True,640,121241600.0,False,10485760,8,72d2e45,0,0.00183,3,0,0,8,8,0,40M_dense_r1_s44,dense,1,40M,44,4897,2026-10-05 19:22:29,1002905600,2.6.0+cu124,3.6478163877888e+17,363724800.0,2.937914005653276,3.25831718186276,3.2511882178269937,3.526724887525338,2.937914005653276,3.25831718186276,3.252966743122206,3.5279271787203292
50145920,50145920,0,50145920,iso_token,full,39.999,2005811200,dense/full,True,640,121241600.0,False,10485760,8,72d2e45,0,0.00183,3,0,0,8,8,0,40M_dense_r1_s44,dense,1,40M,44,9794,2026-10-05 19:57:12,2005811200,2.6.0+cu124,7.2956327755776e+17,363724800.0,2.9460461940470455,3.327353609047094,3.1412887390038593,3.4694390932076002,2.9460461940470455,3.327353609047094,3.141985844623085,3.4699696791372836
50145920,50145920,0,50145920,iso_token,full,79.999,4011622400,dense/full,True,640,121241600.0,False,10485760,8,72d2e45,0,0.00183,3,0,0,8,8,0,40M_dense_r1_s44,dense,1,40M,44,19588,2026-10-05 21:00:51,4011622400,2.6.0+cu124,1.45912655511552e+18,363724800.0,3.367689941367773,3.244135827270132,3.0606578897177914,3.439827161269598,3.367689941367773,3.244135827270132,3.0608707907836514,3.4405830023896766
50965120,30316160,20648960,50145920,iso_token,full,9.998,501350400,middle/full,True,640,174653440.0,False,10485760,12,72d2e45,0,0.00183,3,2,4,8,2,0,40M_middle_r2_full_s42,middle,2,40M,42,2448,2026-10-06 19:35:29,501350400,2.6.0+cu124,2.62687716016128e+17,523960320.0,3.263705777362661,3.3735943980117127,3.40650513178595,3.685686199659332,3.263705777362661,3.3735943980117127,3.4106677391414433,3.688912102909716
50965120,30316160,20648960,50145920,iso_token,full,20.0,1002905600,middle/full,True,640,174653440.0,False,10485760,12,72d2e45,0,0.00183,3,2,4,8,2,0,40M_middle_r2_full_s42,middle,2,40M,42,4897,2026-10-06 20:02:50,1002905600,2.6.0+cu124,5.25482739105792e+17,523960320.0,3.1168640635846234,3.2075898230310824,3.2382517866237923,3.5179796518558524,3.1168640635846234,3.2075898230310824,3.240326813075183,3.520186645701891
50965120,30316160,20648960,50145920,iso_token,full,39.999,2005811200,middle/full,True,640,174653440.0,False,10485760,12,72d2e45,0,0.00183,3,2,4,8,2,0,40M_middle_r2_full_s42,middle,2,40M,42,9794,2026-10-06 20:49:41,2005811200,2.6.0+cu124,1.050965478211584e+18,523960320.0,2.800991736312389,3.119695182171574,3.1196090705156267,3.390094835450222,2.800991736312389,3.119695182171574,3.1204205998913195,3.390574264275713
50965120,30316160,20648960,50145920,iso_token,full,9.998,501350400,middle/full,True,640,174653440.0,False,10485760,12,72d2e45,0,0.00183,3,2,4,8,2,0,40M_middle_r2_full_s43,middle,2,40M,43,2448,2026-10-06 20:44:32,501350400,2.6.0+cu124,2.62687716016128e+17,523960320.0,3.0885291635199725,3.342309534540558,3.407917446612413,3.6683032631074513,3.0885291635199725,3.342309534540558,3.412065959400575,3.671992016894952
50965120,30316160,20648960,50145920,iso_token,full,20.0,1002905600,middle/full,True,640,174653440.0,False,10485760,12,72d2e45,0,0.00183,3,2,4,8,2,0,40M_middle_r2_full_s43,middle,2,40M,43,4897,2026-10-06 21:11:53,1002905600,2.6.0+cu124,5.25482739105792e+17,523960320.0,3.1725503485370394,3.235718987649819,3.2390881160108895,3.522576348169151,3.1725503485370394,3.235718987649819,3.2410939402408516,3.52480808423049
50965120,30316160,20648960,50145920,iso_token,full,39.999,2005811200,middle/full,True,640,174653440.0,False,10485760,12,72d2e45,0,0.00183,3,2,4,8,2,0,40M_middle_r2_full_s43,middle,2,40M,43,9794,2026-10-06 21:58:48,2005811200,2.6.0+cu124,1.050965478211584e+18,523960320.0,2.980247450634165,3.142012978740249,3.1201048335425927,3.4049049969929457,2.980247450634165,3.142012978740249,3.120935809725881,3.4050063382071056
50965120,30316160,20648960,50145920,iso_token,full,9.998,501350400,middle/full,True,640,174653440.0,False,10485760,12,72d2e45,0,0.00183,3,2,4,8,2,0,40M_middle_r2_full_s44,middle,2,40M,44,2448,2026-10-06 23:14:00,501350400,2.6.0+cu124,2.62687716016128e+17,523960320.0,3.184158255260335,3.3365720074258944,3.4032592024802772,3.671273076511688,3.184158255260335,3.3365720074258944,3.407358941504255,3.674738750201738
50965120,30316160,20648960,50145920,iso_token,full,20.0,1002905600,middle/full,True,640,174653440.0,False,10485760,12,72d2e45,0,0.00183,3,2,4,8,2,0,40M_middle_r2_full_s44,middle,2,40M,44,4897,2026-10-06 23:41:45,1002905600,2.6.0+cu124,5.25482739105792e+17,523960320.0,3.1044886343905556,3.1924922381926413,3.2354722727699556,3.511677022109926,3.1044886343905556,3.1924922381926413,3.237531955087013,3.513505172504066
50965120,30316160,20648960,50145920,iso_token,full,39.999,2005811200,middle/full,True,640,174653440.0,False,10485760,12,72d2e45,0,0.00183,3,2,4,8,2,0,40M_middle_r2_full_s44,middle,2,40M,44,9794,2026-10-07 00:29:24,2005811200,2.6.0+cu124,1.050965478211584e+18,523960320.0,2.7143483768867633,3.09701779779705,3.1171700469279764,3.382257968817528,2.7143483768867633,3.09701779779705,3.1179604873173887,3.38274673782605
50965120,30316160,20648960,50145920,iso_token,full,9.998,501350400,middle/full,True,640,278200320.0,False,10485760,20,72d2e45,0,0.00183,3,2,4,8,2,0,40M_middle_r4_full_s42,middle,4,40M,42,2448,2026-10-06 01:30:36,501350400,2.6.0+cu124,4.18427525136384e+17,834600960.0,2.9488745919814963,3.3447728362856637,3.3921232519409936,3.646239993099939,2.9488745919814963,3.3447728362856637,3.3963461707464577,3.6505100919263125
50965120,30316160,20648960,50145920,iso_token,full,20.0,1002905600,middle/full,True,640,278200320.0,False,10485760,20,72d2e45,0,0.00183,3,2,4,8,2,0,40M_middle_r4_full_s42,middle,4,40M,42,4897,2026-10-06 02:12:39,1002905600,2.6.0+cu124,8.37025976549376e+17,834600960.0,2.839121488960625,3.203255650598109,3.214312645671623,3.4790930710509773,2.839121488960625,3.203255650598109,3.216423099935063,3.480468807874276
50965120,30316160,20648960,50145920,iso_token,full,39.999,2005811200,middle/full,True,640,278200320.0,False,10485760,20,72d2e45,0,0.00183,3,2,4,8,2,0,40M_middle_r4_full_s42,middle,4,40M,42,9794,2026-10-06 03:24:54,2005811200,2.6.0+cu124,1.674051953098752e+18,834600960.0,3.2061312055936892,3.1039913304786784,3.087410393106544,3.3965141759551827,3.2061312055936892,3.1039913304786784,3.0882603702564437,3.3970229851087272
50965120,30316160,20648960,50145920,iso_token,full,9.998,501350400,middle/full,True,640,278200320.0,False,10485760,20,72d2e45,0,0.00183,3,2,4,8,2,0,40M_middle_r4_full_s43,middle,4,40M,43,2448,2026-10-06 04:24:27,501350400,2.6.0+cu124,4.18427525136384e+17,834600960.0,2.921793048133145,3.295363990143937,3.3926735553810206,3.6340067562654843,2.921793048133145,3.295363990143937,3.3969739509733663,3.6385055006332663
50965120,30316160,20648960,50145920,iso_token,full,20.0,1002905600,middle/full,True,640,278200320.0,False,10485760,20,72d2e45,0,0.00183,3,2,4,8,2,0,40M_middle_r4_full_s43,middle,4,40M,43,4897,2026-10-06 05:07:11,1002905600,2.6.0+cu124,8.37025976549376e+17,834600960.0,2.988497176237977,3.1571429721356097,3.2150515789109484,3.480107525222514,2.988497176237977,3.1571429721356097,3.2171296703115915,3.4814107273527206
50965120,30316160,20648960,50145920,iso_token,full,39.999,2005811200,middle/full,True,640,278200320.0,False,10485760,20,72d2e45,0,0.00183,3,2,4,8,2,0,40M_middle_r4_full_s43,middle,4,40M,43,9794,2026-10-06 06:20:35,2005811200,2.6.0+cu124,1.674051953098752e+18,834600960.0,2.811160884910108,3.0569106811300584,3.087288195782,3.3576209898533578,2.811160884910108,3.0569106811300584,3.08810265422118,3.358056207277168
50965120,30316160,20648960,50145920,iso_token,full,9.998,501350400,middle/full,True,640,278200320.0,False,10485760,20,72d2e45,0,0.00183,3,2,4,8,2,0,40M_middle_r4_full_s44,middle,4,40M,44,2448,2026-10-06 05:01:47,501350400,2.6.0+cu124,4.18427525136384e+17,834600960.0,2.976143301641097,3.319389071871526,3.397055694782891,3.653203979577833,2.976143301641097,3.319389071871526,3.4013681317797615,3.658729857169418
50965120,30316160,20648960,50145920,iso_token,full,20.0,1002905600,middle/full,True,640,278200320.0,False,10485760,20,72d2e45,0,0.00183,3,2,4,8,2,0,40M_middle_r4_full_s44,middle,4,40M,44,4897,2026-10-06 05:43:31,1002905600,2.6.0+cu124,8.37025976549376e+17,834600960.0,2.8422954755837475,3.175340377645408,3.2227040848294886,3.485787244663646,2.8422954755837475,3.175340377645408,3.2247531108757763,3.487748483842214
50965120,30316160,20648960,50145920,iso_token,full,39.999,2005811200,middle/full,True,640,278200320.0,False,10485760,20,72d2e45,0,0.00183,3,2,4,8,2,0,40M_middle_r4_full_s44,middle,4,40M,44,9794,2026-10-06 06:55:13,2005811200,2.6.0+cu124,1.674051953098752e+18,834600960.0,2.684964110668058,3.0512035887677524,3.0941428881737623,3.3591458406702763,2.684964110668058,3.0512035887677524,3.094953338549297,3.359826650320512
50965120,30316160,20648960,50145920,iso_token,trunc,9.998,501350400,middle/trunc,True,640,278200320.0,False,10485760,20,72d2e45,2,0.00183,3,2,4,8,2,1,40M_middle_r4_k2_s42,middle,4,40M,42,2448,2026-10-05 10:04:00,501350400,2.6.0+cu124,3.1460098572288e+17,627507200.0,3.0051545264759856,3.427602395442009,3.4418007611661987,3.7052433768710835,3.0051545264759856,3.427602395442009,3.448698764567275,3.713224535670541
50965120,30316160,20648960,50145920,iso_flop,trunc,13.298,666828800,middle/trunc,True,640,278200320.0,False,10485760,20,72d2e45,2,0.00183,3,2,4,8,2,1,40M_middle_r4_k2_s42,middle,4,40M,42,3256,2026-10-05 10:31:13,666828800,2.6.0+cu124,4.1843987316736e+17,627507200.0,2.9365080340435585,3.3629809657364396,3.3523280859638063,3.6131042703664966,2.9365080340435585,3.3629809657364396,3.3560977141101485,3.6163974141382034
50965120,30316160,20648960,50145920,iso_token,trunc,20.0,1002905600,middle/trunc,True,640,278200320.0,False,10485760,20,72d2e45,2,0.00183,3,2,4,8,2,1,40M_middle_r4_k2_s42,middle,4,40M,42,4897,2026-10-05 11:06:10,1002905600,2.6.0+cu124,6.2933048492032e+17,627507200.0,2.8755687086100368,3.2595480328471447,3.249652003171628,3.514280586124022,2.8755687086100368,3.2595480328471447,3.251736452023442,3.515866064067879
50965120,30316160,20648960,50145920,iso_flop,trunc,26.6,1333862400,middle/trunc,True,640,278200320.0,False,10485760,20,72d2e45,2,0.00183,3,2,4,8,2,1,40M_middle_r4_k2_s42,middle,4,40M,42,6513,2026-10-05 11:48:44,1333862400,2.6.0+cu124,8.3700825980928e+17,627507200.0,2.6720179323104905,3.191633932369901,3.197773918977014,3.446287043748574,2.6720179323104905,3.191633932369901,3.198957889501468,3.4478153491018984
50965120,30316160,20648960,50145920,iso_token,trunc,39.999,2005811200,middle/trunc,True,640,278200320.0,False,10485760,20,72d2e45,2,0.00183,3,2,4,8,2,1,40M_middle_r4_k2_s42,middle,4,40M,42,9794,2026-10-05 12:46:47,2005811200,2.6.0+cu124,1.25866096984064e+18,627507200.0,2.592607747354264,3.136808495765445,3.132313643078395,3.3845971798995667,2.592607747354264,3.136808495765445,3.1331075495118372,3.3850479512740947
50965120,30316160,20648960,50145920,iso_flop,trunc,53.199,2667724800,middle/trunc,True,640,278200320.0,False,10485760,20,72d2e45,2,0.00183,3,2,4,8,2,1,40M_middle_r4_k2_s42,middle,4,40M,42,13026,2026-10-05 14:00:03,2667724800,2.6.0+cu124,1.67401651961856e+18,627507200.0,2.548000500173004,3.090467202767793,3.0817150957726764,3.3338007109669716,2.548000500173004,3.090467202767793,3.082199507488031,3.3342679411052316
50965120,30316160,20648960,50145920,iso_token,trunc,9.998,501350400,middle/trunc,True,640,278200320.0,False,10485760,20,72d2e45,2,0.00183,3,2,4,8,2,3,40M_middle_r4_k2_s43,middle,4,40M,43,2448,2026-10-05 10:51:43,501350400,2.6.0+cu124,3.1460098572288e+17,627507200.0,2.999568538801027,3.368559075905781,3.421170155676067,3.676158996290231,2.999568538801027,3.368559075905781,3.425277556620701,3.68096020960123
50965120,30316160,20648960,50145920,iso_flop,trunc,13.298,666828800,middle/trunc,True,640,278200320.0,False,10485760,20,72d2e45,2,0.00183,3,2,4,8,2,3,40M_middle_r4_k2_s43,middle,4,40M,43,3256,2026-10-05 11:18:54,666828800,2.6.0+cu124,4.1843987316736e+17,627507200.0,2.942568907606627,3.2953975233734556,3.346924911741055,3.6031418663340533,2.942568907606627,3.2953975233734556,3.3506444123632373,3.6057452267485375
50965120,30316160,20648960,50145920,iso_token,trunc,20.0,1002905600,middle/trunc,True,640,278200320.0,False,10485760,20,72d2e45,2,0.00183,3,2,4,8,2,3,40M_middle_r4_k2_s43,middle,4,40M,43,4897,2026-10-05 11:53:49,1002905600,2.6.0+cu124,6.2933048492032e+17,627507200.0,2.8678936443780034,3.2178501949400147,3.249796479107893,3.510382154375951,2.8678936443780034,3.2178501949400147,3.2518589828319127,3.5119279002641997
50965120,30316160,20648960,50145920,iso_flop,trunc,26.6,1333862400,middle/trunc,True,640,278200320.0,False,10485760,20,72d2e45,2,0.00183,3,2,4,8,2,3,40M_middle_r4_k2_s43,middle,4,40M,43,6513,2026-10-05 12:36:20,1333862400,2.6.0+cu124,8.3700825980928e+17,627507200.0,2.821549782450985,3.178022571303659,3.1963444224268778,3.456678054841895,2.821549782450985,3.178022571303659,3.1974588963867014,3.4580451355485358
50965120,30316160,20648960,50145920,iso_token,trunc,39.999,2005811200,middle/trunc,True,640,278200320.0,False,10485760,20,72d2e45,2,0.00183,3,2,4,8,2,3,40M_middle_r4_k2_s43,middle,4,40M,43,9794,2026-10-05 13:34:18,2005811200,2.6.0+cu124,1.25866096984064e+18,627507200.0,2.649915875295274,3.1225679516090383,3.122622862371559,3.382814565395089,2.649915875295274,3.1225679516090383,3.123449652704288,3.3834358615556877
50965120,30316160,20648960,50145920,iso_flop,trunc,53.199,2667724800,middle/trunc,True,640,278200320.0,False,10485760,20,72d2e45,2,0.00183,3,2,4,8,2,3,40M_middle_r4_k2_s43,middle,4,40M,43,13026,2026-10-05 14:47:32,2667724800,2.6.0+cu124,1.67401651961856e+18,627507200.0,2.6905138160182513,3.1071070218976145,3.082857371489871,3.3503039201938893,2.6905138160182513,3.1071070218976145,3.083371077049749,3.350443910559985
50965120,30316160,20648960,50145920,iso_token,trunc,9.998,501350400,middle/trunc,True,640,278200320.0,False,10485760,20,72d2e45,2,0.00183,3,2,4,8,2,5,40M_middle_r4_k2_s44,middle,4,40M,44,2448,2026-10-05 14:04:29,501350400,2.6.0+cu124,3.1460098572288e+17,627507200.0,2.9790378358468965,3.3451574640848762,3.421496793856011,3.671077252520766,2.9790378358468965,3.3451574640848762,3.425656428508582,3.675470710742708
50965120,30316160,20648960,50145920,iso_flop,trunc,13.298,666828800,middle/trunc,True,640,278200320.0,False,10485760,20,72d2e45,2,0.00183,3,2,4,8,2,5,40M_middle_r4_k2_s44,middle,4,40M,44,3256,2026-10-05 14:32:10,666828800,2.6.0+cu124,4.1843987316736e+17,627507200.0,2.920412460332227,3.2657693461591544,3.3425841145543957,3.5949676038055434,2.920412460332227,3.2657693461591544,3.3462088091721554,3.597453289491949
50965120,30316160,20648960,50145920,iso_token,trunc,20.0,1002905600,middle/trunc,True,640,278200320.0,False,10485760,20,72d2e45,2,0.00183,3,2,4,8,2,5,40M_middle_r4_k2_s44,middle,4,40M,44,4897,2026-10-05 15:07:42,1002905600,2.6.0+cu124,6.2933048492032e+17,627507200.0,2.793927857650113,3.1781236815334166,3.246266856693153,3.4971584575857766,2.793927857650113,3.1781236815334166,3.248282816222499,3.4989006555776427
50965120,30316160,20648960,50145920,iso_flop,trunc,26.6,1333862400,middle/trunc,True,640,278200320.0,False,10485760,20,72d2e45,2,0.00183,3,2,4,8,2,5,40M_middle_r4_k2_s44,middle,4,40M,44,6513,2026-10-05 15:50:55,1333862400,2.6.0+cu124,8.3700825980928e+17,627507200.0,2.750029167707331,3.1461478586198366,3.1985326115833295,3.4484343778018327,2.750029167707331,3.1461478586198366,3.1997169061776236,3.4502769059312772
50965120,30316160,20648960,50145920,iso_token,trunc,39.999,2005811200,middle/trunc,True,640,278200320.0,False,10485760,20,72d2e45,2,0.00183,3,2,4,8,2,5,40M_middle_r4_k2_s44,middle,4,40M,44,9794,2026-10-05 16:49:50,2005811200,2.6.0+cu124,1.25866096984064e+18,627507200.0,2.9255709155328167,3.117809505764408,3.140651019402547,3.417856804768273,2.9255709155328167,3.117809505764408,3.141496833319133,3.4186597078107313
50965120,30316160,20648960,50145920,iso_flop,trunc,53.199,2667724800,middle/trunc,True,640,278200320.0,False,10485760,20,72d2e45,2,0.00183,3,2,4,8,2,5,40M_middle_r4_k2_s44,middle,4,40M,44,13026,2026-10-05 18:04:12,2667724800,2.6.0+cu124,1.67401651961856e+18,627507200.0,2.8262505009697914,3.0717374279924963,3.1020602460203235,3.3728543274426177,2.8262505009697914,3.0717374279924963,3.102543638455725,3.3732881383135935
50965120,30316160,20648960,50145920,iso_token,full,9.998,501350400,middle/full,True,640,485294080.0,False,10485760,36,72d2e45,0,0.00183,3,2,4,8,2,0,40M_middle_r8_full_s42,middle,8,40M,42,2448,2026-10-04 03:41:44,501350400,2.6.0+cu124,7.29907143376896e+17,1455882240.0,3.1758888342628206,3.332217218164084,3.3954764580056698,3.662952692679232,3.1758888342628206,3.332217218164084,3.3997379334202553,3.6671168554409643
50965120,30316160,20648960,50145920,iso_token,full,20.0,1002905600,middle/full,True,640,485294080.0,False,10485760,36,72d2e45,0,0.00183,3,2,4,8,2,0,40M_middle_r8_full_s42,middle,8,40M,42,4897,2026-10-04 05:05:11,1002905600,2.6.0+cu124,1.460112451436544e+18,1455882240.0,2.69975538980356,3.1812778319407213,3.2116988722225503,3.4606913873404808,2.69975538980356,3.1812778319407213,3.2139067687666927,3.462401169316836
50965120,30316160,20648960,50145920,iso_token,full,39.999,2005811200,middle/full,True,640,485294080.0,False,10485760,36,72d2e45,0,0.00183,3,2,4,8,2,0,40M_middle_r8_full_s42,middle,8,40M,42,9794,2026-10-04 07:32:08,2005811200,2.6.0+cu124,2.920224902873088e+18,1455882240.0,2.713706001611137,3.0665497210258823,3.0797772782532697,3.3481381772380048,2.713706001611137,3.0665497210258823,3.0806064641845796,3.3487026550280987
50965120,30316160,20648960,50145920,iso_token,full,9.998,501350400,middle/full,True,640,485294080.0,False,10485760,36,72d2e45,0,0.00183,3,2,4,8,2,0,40M_middle_r8_full_s43,middle,8,40M,43,2448,2026-10-04 04:01:27,501350400,2.6.0+cu124,7.29907143376896e+17,1455882240.0,2.914612014589939,3.3106933184394176,3.394075465258972,3.638768256116491,2.914612014589939,3.3106933184394176,3.3982953729108942,3.64334969219621
50965120,30316160,20648960,50145920,iso_token,full,20.0,1002905600,middle/full,True,640,485294080.0,False,10485760,36,72d2e45,0,0.00183,3,2,4,8,2,0,40M_middle_r8_full_s43,middle,8,40M,43,4897,2026-10-04 05:25:44,1002905600,2.6.0+cu124,1.460112451436544e+18,1455882240.0,2.8375939469227354,3.1951425331393657,3.211376066747731,3.470677176205941,2.8375939469227354,3.1951425331393657,3.2135228255572357,3.472241859364582
50965120,30316160,20648960,50145920,iso_token,full,39.999,2005811200,middle/full,True,640,485294080.0,False,10485760,36,72d2e45,0,0.00183,3,2,4,8,2,0,40M_middle_r8_full_s43,middle,8,40M,43,9794,2026-10-04 07:54:07,2005811200,2.6.0+cu124,2.920224902873088e+18,1455882240.0,2.652101263436699,3.0723285064811523,3.082290004431943,3.3420533186999597,2.652101263436699,3.0723285064811523,3.0831414488251823,3.3428556836618006
50965120,30316160,20648960,50145920,iso_token,full,9.998,501350400,middle/full,True,640,485294080.0,False,10485760,36,72d2e45,0,0.00183,3,2,4,8,2,0,40M_middle_r8_full_s44,middle,8,40M,44,2448,2026-10-04 06:56:14,501350400,2.6.0+cu124,7.29907143376896e+17,1455882240.0,2.888878069570443,3.3207856968161966,3.399385211781611,3.642145029038891,2.888878069570443,3.3207856968161966,3.4037790637134653,3.6470711989949085
50965120,30316160,20648960,50145920,iso_token,full,20.0,1002905600,middle/full,True,640,485294080.0,False,10485760,36,72d2e45,0,0.00183,3,2,4,8,2,0,40M_middle_r8_full_s44,middle,8,40M,44,4897,2026-10-04 08:20:29,1002905600,2.6.0+cu124,1.460112451436544e+18,1455882240.0,2.755796947455322,3.1683723843657385,3.217631443503683,3.4656162702276143,2.755796947455322,3.1683723843657385,3.2197448916029123,3.4673004599493056
50965120,30316160,20648960,50145920,iso_token,full,39.999,2005811200,middle/full,True,640,485294080.0,False,10485760,36,72d2e45,0,0.00183,3,2,4,8,2,0,40M_middle_r8_full_s44,middle,8,40M,44,9794,2026-10-04 10:48:59,2005811200,2.6.0+cu124,2.920224902873088e+18,1455882240.0,2.5346325485090233,3.0679254616578233,3.0846286966299323,3.337519873806631,2.5346325485090233,3.0679254616578233,3.0854243890184674,3.3381011646496597
50965120,30316160,20648960,50145920,iso_token,trunc,9.998,501350400,middle/trunc,True,640,485294080.0,False,10485760,36,72d2e45,4,0.00183,3,2,4,8,2,0,40M_middle_r8_k4_s42,middle,8,40M,42,2448,2026-10-02 04:50:46,501350400,2.6.0+cu124,5.22254064549888e+17,1041694720.0,2.9073820637091656,3.324372225011355,3.4021470138713554,3.6491903404957333,2.9073820637091656,3.324372225011355,3.4064645969165555,3.65326964662524
50965120,30316160,20648960,50145920,iso_flop,trunc,13.976,700825600,middle/trunc,True,640,485294080.0,False,10485760,36,72d2e45,4,0.00183,3,2,4,8,2,0,40M_middle_r8_k4_s42,middle,8,40M,42,3422,2026-10-02 05:40:54,700825600,2.6.0+cu124,7.30046327160832e+17,1041694720.0,2.8465744993982214,3.23278858906894,3.3070753835739195,3.557944606742236,2.8465744993982214,3.23278858906894,3.309991229462964,3.5616643566214727
50965120,30316160,20648960,50145920,iso_token,trunc,20.0,1002905600,middle/trunc,True,640,485294080.0,False,10485760,36,72d2e45,4,0.00183,3,2,4,8,2,0,40M_middle_r8_k4_s42,middle,8,40M,42,4897,2026-10-02 06:44:03,1002905600,2.6.0+cu124,1.044721468178432e+18,1041694720.0,2.8163654055440857,3.1835599401067842,3.222889478897847,3.4821019611760993,2.8163654055440857,3.1835599401067842,3.2249915542075454,3.4830587042248187
50965120,30316160,20648960,50145920,iso_flop,trunc,27.951,1401651200,middle/trunc,True,640,485294080.0,False,10485760,36,72d2e45,4,0.00183,3,2,4,8,2,0,40M_middle_r8_k4_s42,middle,8,40M,42,6844,2026-10-02 08:04:20,1401651200,2.6.0+cu124,1.460092654321664e+18,1041694720.0,2.687879511083328,3.117405021754005,3.1541012465499723,3.4117658458469675,2.687879511083328,3.117405021754005,3.1554334714383323,3.4127511303580236
50965120,30316160,20648960,50145920,iso_token,trunc,39.999,2005811200,middle/trunc,True,640,485294080.0,False,10485760,36,72d2e45,4,0.00183,3,2,4,8,2,0,40M_middle_r8_k4_s42,middle,8,40M,42,9794,2026-10-02 09:50:34,2005811200,2.6.0+cu124,2.089442936356864e+18,1041694720.0,2.7411487967753994,3.054651291150296,3.089764054210041,3.3570555727039086,2.7411487967753994,3.054651291150296,3.0905774855176857,3.357363950080501
50965120,30316160,20648960,50145920,iso_flop,trunc,55.903,2803302400,middle/trunc,True,640,485294080.0,False,10485760,36,72d2e45,4,0.00183,3,2,4,8,2,0,40M_middle_r8_k4_s42,middle,8,40M,42,13688,2026-10-02 12:11:14,2803302400,2.6.0+cu124,2.920185308643328e+18,1041694720.0,2.767221226449765,3.0267824104295995,3.0412774587952947,3.31702493609301,2.767221226449765,3.0267824104295995,3.041879527302736,3.317722712989235
50965120,30316160,20648960,50145920,iso_token,trunc,9.998,501350400,middle/trunc,True,640,485294080.0,False,10485760,36,72d2e45,4,0.00183,3,2,4,8,2,0,40M_middle_r8_k4_s43,middle,8,40M,43,2448,2026-10-02 20:51:17,501350400,2.6.0+cu124,5.22254064549888e+17,1041694720.0,2.9244663176049004,3.3548972948826403,3.406878891238868,3.656833674097005,2.9244663176049004,3.3548972948826403,3.41122881784994,3.6616943935245003
50965120,30316160,20648960,50145920,iso_flop,trunc,13.976,700825600,middle/trunc,True,640,485294080.0,False,10485760,36,72d2e45,4,0.00183,3,2,4,8,2,0,40M_middle_r8_k4_s43,middle,8,40M,43,3422,2026-10-02 21:41:28,700825600,2.6.0+cu124,7.30046327160832e+17,1041694720.0,2.8411237905910625,3.2491151818017685,3.3115083493363744,3.5616821575369877,2.8411237905910625,3.2491151818017685,3.314428935413335,3.5652094245487986
50965120,30316160,20648960,50145920,iso_token,trunc,20.0,1002905600,middle/trunc,True,640,485294080.0,False,10485760,36,72d2e45,4,0.00183,3,2,4,8,2,0,40M_middle_r8_k4_s43,middle,8,40M,43,4897,2026-10-02 22:44:37,1002905600,2.6.0+cu124,1.044721468178432e+18,1041694720.0,2.7937113810388805,3.197051794992468,3.2268778785612753,3.48192363819044,2.7937113810388805,3.197051794992468,3.2290490610075238,3.483568572421054
50965120,30316160,20648960,50145920,iso_flop,trunc,27.951,1401651200,middle/trunc,True,640,485294080.0,False,10485760,36,72d2e45,4,0.00183,3,2,4,8,2,0,40M_middle_r8_k4_s43,middle,8,40M,43,6844,2026-10-03 00:04:50,1401651200,2.6.0+cu124,1.460092654321664e+18,1041694720.0,2.7780476098516913,3.139786239813186,3.1643790653025947,3.4295643257427053,2.7780476098516913,3.139786239813186,3.165726664084479,3.430342277440396
50965120,30316160,20648960,50145920,iso_token,trunc,39.999,2005811200,middle/trunc,True,640,485294080.0,False,10485760,36,72d2e45,4,0.00183,3,2,4,8,2,0,40M_middle_r8_k4_s43,middle,8,40M,43,9794,2026-10-03 01:51:03,2005811200,2.6.0+cu124,2.089442936356864e+18,1041694720.0,2.7227929575359893,3.0926148467005063,3.097688656762649,3.364961983097856,2.7227929575359893,3.0926148467005063,3.098588293264937,3.3655139300350103
50965120,30316160,20648960,50145920,iso_flop,trunc,55.903,2803302400,middle/trunc,True,640,485294080.0,False,10485760,36,72d2e45,4,0.00183,3,2,4,8,2,0,40M_middle_r8_k4_s43,middle,8,40M,43,13688,2026-10-03 04:11:31,2803302400,2.6.0+cu124,2.920185308643328e+18,1041694720.0,2.6559611701555172,3.0586145319554623,3.044995793841576,3.3127724425009357,2.6559611701555172,3.0586145319554623,3.0455854298171903,3.3133791356222395
50965120,30316160,20648960,50145920,iso_token,trunc,9.998,501350400,middle/trunc,True,640,485294080.0,False,10485760,36,72d2e45,4,0.00183,3,2,4,8,2,0,40M_middle_r8_k4_s44,middle,8,40M,44,2448,2026-10-02 20:48:33,501350400,2.6.0+cu124,5.22254064549888e+17,1041694720.0,3.1372471448493915,3.319311676312992,3.4051235708077474,3.668755085663241,3.1372471448493915,3.319311676312992,3.4095025590361865,3.679023833472842
50965120,30316160,20648960,50145920,iso_flop,trunc,13.976,700825600,middle/trunc,True,640,485294080.0,False,10485760,36,72d2e45,4,0.00183,3,2,4,8,2,0,40M_middle_r8_k4_s44,middle,8,40M,44,3422,2026-10-02 21:38:14,700825600,2.6.0+cu124,7.30046327160832e+17,1041694720.0,2.913401116485463,3.223392412193872,3.3109641844081557,3.567902441087281,2.913401116485463,3.223392412193872,3.3139291388148457,3.5709650519399045
50965120,30316160,20648960,50145920,iso_token,trunc,20.0,1002905600,middle/trunc,True,640,485294080.0,False,10485760,36,72d2e45,4,0.00183,3,2,4,8,2,0,40M_middle_r8_k4_s44,middle,8,40M,44,4897,2026-10-02 22:40:49,1002905600,2.6.0+cu124,1.044721468178432e+18,1041694720.0,2.9180761592483737,3.1693349218937383,3.2263676729973367,3.48886891401624,2.9180761592483737,3.1693349218937383,3.2284390256046867,3.4907455497070985
50965120,30316160,20648960,50145920,iso_flop,trunc,27.951,1401651200,middle/trunc,True,640,485294080.0,False,10485760,36,72d2e45,4,0.00183,3,2,4,8,2,0,40M_middle_r8_k4_s44,middle,8,40M,44,6844,2026-10-03 00:00:20,1401651200,2.6.0+cu124,1.460092654321664e+18,1041694720.0,2.8926210510987707,3.108095341786879,3.1584885593830556,3.4271706424546338,2.8926210510987707,3.108095341786879,3.159767531739256,3.4274249659085414
50965120,30316160,20648960,50145920,iso_token,trunc,39.999,2005811200,middle/trunc,True,640,485294080.0,False,10485760,36,72d2e45,4,0.00183,3,2,4,8,2,0,40M_middle_r8_k4_s44,middle,8,40M,44,9794,2026-10-03 01:45:36,2005811200,2.6.0+cu124,2.089442936356864e+18,1041694720.0,2.9614272352603104,3.0622474770167294,3.095316884909663,3.3756344190336494,2.9614272352603104,3.0622474770167294,3.0961454524214207,3.376062966934427
50965120,30316160,20648960,50145920,iso_flop,trunc,55.903,2803302400,middle/trunc,True,640,485294080.0,False,10485760,36,72d2e45,4,0.00183,3,2,4,8,2,0,40M_middle_r8_k4_s44,middle,8,40M,44,13688,2026-10-03 04:04:51,2803302400,2.6.0+cu124,2.920185308643328e+18,1041694720.0,2.810460384586282,3.029691358894609,3.0464194267829514,3.3206047239064818,2.810460384586282,3.029691358894609,3.0470083447358944,3.321419909906455
50965120,10486400,40478720,50145920,iso_token,full,9.998,501350400,whole/full,True,640,224788480.0,False,10485760,16,72d2e45,0,0.00183,3,0,8,8,0,0,40M_whole_r2_full_s42,whole,2,40M,42,2448,2026-10-06 10:31:01,501350400,2.6.0+cu124,3.38093383090176e+17,674365440.0,3.3656453474601546,3.3715030872829743,3.4418751995403545,3.7209910237778776,3.3656453474601546,3.3715030872829743,3.446066126037356,3.7243435777948988
50965120,10486400,40478720,50145920,iso_token,full,20.0,1002905600,whole/full,True,640,224788480.0,False,10485760,16,72d2e45,0,0.00183,3,0,8,8,0,0,40M_whole_r2_full_s42,whole,2,40M,42,4897,2026-10-06 11:04:45,1002905600,2.6.0+cu124,6.76324876222464e+17,674365440.0,3.3505426847735134,3.278733277771307,3.2737663551582754,3.5775071368789497,3.3505426847735134,3.278733277771307,3.275706835021737,3.5793244308881973
50965120,10486400,40478720,50145920,iso_token,full,39.999,2005811200,whole/full,True,640,224788480.0,False,10485760,16,72d2e45,0,0.00183,3,0,8,8,0,0,40M_whole_r2_full_s42,whole,2,40M,42,9794,2026-10-06 12:02:39,2005811200,2.6.0+cu124,1.352649752444928e+18,674365440.0,3.1127180837460617,3.106922305385294,3.1514252976682933,3.44432687483517,3.1127180837460617,3.106922305385294,3.152217981253553,3.444448816402532
50965120,10486400,40478720,50145920,iso_token,full,9.998,501350400,whole/full,True,640,224788480.0,False,10485760,16,72d2e45,0,0.00183,3,0,8,8,0,0,40M_whole_r2_full_s43,whole,2,40M,43,2448,2026-10-06 10:38:22,501350400,2.6.0+cu124,3.38093383090176e+17,674365440.0,3.429035741205827,3.3825148026714076,3.440754127646973,3.728670727363728,3.429035741205827,3.3825148026714076,3.44493991118159,3.7324664659678994
50965120,10486400,40478720,50145920,iso_token,full,20.0,1002905600,whole/full,True,640,224788480.0,False,10485760,16,72d2e45,0,0.00183,3,0,8,8,0,0,40M_whole_r2_full_s43,whole,2,40M,43,4897,2026-10-06 11:12:24,1002905600,2.6.0+cu124,6.76324876222464e+17,674365440.0,2.9435609075600855,3.208754148591188,3.2706994046115696,3.5309715296020827,2.9435609075600855,3.208754148591188,3.2726095597945353,3.5324901469733274
50965120,10486400,40478720,50145920,iso_token,full,39.999,2005811200,whole/full,True,640,224788480.0,False,10485760,16,72d2e45,0,0.00183,3,0,8,8,0,0,40M_whole_r2_full_s43,whole,2,40M,43,9794,2026-10-06 12:10:50,2005811200,2.6.0+cu124,1.352649752444928e+18,674365440.0,2.7253042374586927,3.109428791850645,3.1509483554707587,3.4114607471052776,2.7253042374586927,3.109428791850645,3.1518003337781253,3.4126635437347983
50965120,10486400,40478720,50145920,iso_token,full,9.998,501350400,whole/full,True,640,224788480.0,False,10485760,16,72d2e45,0,0.00183,3,0,8,8,0,0,40M_whole_r2_full_s44,whole,2,40M,44,2448,2026-10-06 12:09:05,501350400,2.6.0+cu124,3.38093383090176e+17,674365440.0,3.4149925289698007,3.3645994329371947,3.429766601706407,3.715275663548513,3.4149925289698007,3.3645994329371947,3.4338878893532567,3.7177527634194534
50965120,10486400,40478720,50145920,iso_token,full,20.0,1002905600,whole/full,True,640,224788480.0,False,10485760,16,72d2e45,0,0.00183,3,0,8,8,0,0,40M_whole_r2_full_s44,whole,2,40M,44,4897,2026-10-06 12:43:10,1002905600,2.6.0+cu124,6.76324876222464e+17,674365440.0,3.370852449206272,3.2401636965196317,3.262036820931449,3.560314634856916,3.370852449206272,3.2401636965196317,3.263960143569999,3.5625630516208626
50965120,10486400,40478720,50145920,iso_token,full,39.999,2005811200,whole/full,True,640,224788480.0,False,10485760,16,72d2e45,0,0.00183,3,0,8,8,0,0,40M_whole_r2_full_s44,whole,2,40M,44,9794,2026-10-06 13:41:39,2005811200,2.6.0+cu124,1.352649752444928e+18,674365440.0,2.832815763301048,3.1359697848346326,3.1449051962893337,3.420094044256989,2.832815763301048,3.1359697848346326,3.145700838274094,3.4208011575316717
50965120,10486400,40478720,50145920,iso_token,full,9.998,501350400,whole/full,True,640,428605440.0,False,10485760,32,72d2e45,0,0.00183,3,0,8,8,0,0,40M_whole_r4_full_s42,whole,4,40M,42,2448,2026-10-04 12:19:31,501350400,2.6.0+cu124,6.44644526358528e+17,1285816320.0,3.050045965795882,3.4416570391598085,3.4913482197459738,3.7407867086567848,3.050045965795882,3.4416570391598085,3.4959388267974076,3.7450031029993536
50965120,10486400,40478720,50145920,iso_token,full,20.0,1002905600,whole/full,True,640,428605440.0,False,10485760,32,72d2e45,0,0.00183,3,0,8,8,0,0,40M_whole_r4_full_s42,whole,4,40M,42,4897,2026-10-04 13:37:06,1002905600,2.6.0+cu124,1.289552387899392e+18,1285816320.0,2.835975351839484,3.2385842995821594,3.2917985648754198,3.542611689948674,2.835975351839484,3.2385842995821594,3.29381366283355,3.544486071562016
50965120,10486400,40478720,50145920,iso_token,full,39.999,2005811200,whole/full,True,640,428605440.0,False,10485760,32,72d2e45,0,0.00183,3,0,8,8,0,0,40M_whole_r4_full_s42,whole,4,40M,42,9794,2026-10-04 15:54:47,2005811200,2.6.0+cu124,2.579104775798784e+18,1285816320.0,2.6566934264156044,3.12157363929688,3.154588813774707,3.409837060733713,2.6566934264156044,3.12157363929688,3.1553787356471674,3.410457021354756
50965120,10486400,40478720,50145920,iso_token,full,9.998,501350400,whole/full,True,640,428605440.0,False,10485760,32,72d2e45,0,0.00183,3,0,8,8,0,0,40M_whole_r4_full_s43,whole,4,40M,43,2448,2026-10-04 16:05:38,501350400,2.6.0+cu124,6.44644526358528e+17,1285816320.0,3.06582851107418,3.406812351595073,3.486945031989438,3.735738662230267,3.06582851107418,3.406812351595073,3.4914330247938037,3.740058603227009
50965120,10486400,40478720,50145920,iso_token,full,20.0,1002905600,whole/full,True,640,428605440.0,False,10485760,32,72d2e45,0,0.00183,3,0,8,8,0,0,40M_whole_r4_full_s43,whole,4,40M,43,4897,2026-10-04 17:21:11,1002905600,2.6.0+cu124,1.289552387899392e+18,1285816320.0,2.734806010643889,3.2097099748638502,3.291504823810943,3.5313837431669906,2.734806010643889,3.2097099748638502,3.293507020948286,3.533210828565403
50965120,10486400,40478720,50145920,iso_token,full,39.999,2005811200,whole/full,True,640,428605440.0,False,10485760,32,72d2e45,0,0.00183,3,0,8,8,0,0,40M_whole_r4_full_s43,whole,4,40M,43,9794,2026-10-04 19:34:53,2005811200,2.6.0+cu124,2.579104775798784e+18,1285816320.0,2.637073888578977,3.0556519100373194,3.157340617108386,3.4026731190352595,2.637073888578977,3.0556519100373194,3.158288988279706,3.403979115069229
50965120,10486400,40478720,50145920,iso_token,full,9.998,501350400,whole/full,True,640,428605440.0,False,10485760,32,72d2e45,0,0.00183,3,0,8,8,0,0,40M_whole_r4_full_s44,whole,4,40M,44,2448,2026-10-04 16:32:31,501350400,2.6.0+cu124,6.44644526358528e+17,1285816320.0,3.0636239137635375,3.399684849388924,3.483296638508926,3.734936085062748,3.0636239137635375,3.399684849388924,3.487898514169936,3.7391380881485183
50965120,10486400,40478720,50145920,iso_token,full,20.0,1002905600,whole/full,True,640,428605440.0,False,10485760,32,72d2e45,0,0.00183,3,0,8,8,0,0,40M_whole_r4_full_s44,whole,4,40M,44,4897,2026-10-04 17:48:48,1002905600,2.6.0+cu124,1.289552387899392e+18,1285816320.0,2.8478337599747645,3.211730832737667,3.286126769203279,3.5359247539652685,2.8478337599747645,3.211730832737667,3.288164601288619,3.537595578753519
50965120,10486400,40478720,50145920,iso_token,full,39.999,2005811200,whole/full,True,640,428605440.0,False,10485760,32,72d2e45,0,0.00183,3,0,8,8,0,0,40M_whole_r4_full_s44,whole,4,40M,44,9794,2026-10-04 20:03:48,2005811200,2.6.0+cu124,2.579104775798784e+18,1285816320.0,2.6899346179306876,3.0908267204311426,3.1518720437533694,3.408016391542917,2.6899346179306876,3.0908267204311426,3.152643859043019,3.408259915041691
50965120,10486400,40478720,50145920,iso_token,trunc,9.998,501350400,whole/trunc,True,640,428605440.0,False,10485760,32,72d2e45,2,0.00183,3,0,8,8,0,5,40M_whole_r4_k2_s42,whole,4,40M,42,2448,2026-10-03 11:52:42,501350400,2.6.0+cu124,4.4027709751296e+17,878182400.0,2.88471413719496,3.293004682686501,3.401436397364677,3.6440001120002616,2.88471413719496,3.293004682686501,3.4055231818567933,3.6488680008798773
50965120,10486400,40478720,50145920,iso_flop,trunc,14.641,734208000,whole/trunc,True,640,428605440.0,False,10485760,32,72d2e45,2,0.00183,3,0,8,8,0,5,40M_whole_r4_k2_s42,whole,4,40M,42,3585,2026-10-03 12:36:58,734208000,2.6.0+cu124,6.447685435392e+17,878182400.0,2.81261208475988,3.187981298348119,3.3002049794817787,3.542245705808511,2.81261208475988,3.187981298348119,3.302558768170238,3.5448742971978078
50965120,10486400,40478720,50145920,iso_token,trunc,20.0,1002905600,whole/trunc,True,640,428605440.0,False,10485760,32,72d2e45,2,0.00183,3,0,8,8,0,5,40M_whole_r4_k2_s42,whole,4,40M,42,4897,2026-10-03 13:31:08,1002905600,2.6.0+cu124,8.8073404678144e+17,878182400.0,2.656387017232336,3.137302906854649,3.2288775840125528,3.4643859794554785,2.656387017232336,3.137302906854649,3.2309317974679534,3.4665847415473876
50965120,10486400,40478720,50145920,iso_flop,trunc,29.283,1468416000,whole/trunc,True,640,428605440.0,False,10485760,32,72d2e45,2,0.00183,3,0,8,8,0,5,40M_whole_r4_k2_s42,whole,4,40M,42,7170,2026-10-03 14:42:27,1468416000,2.6.0+cu124,1.2895370870784e+18,878182400.0,2.616677790460581,3.06856573325662,3.159360456908082,3.3996650909328907,2.616677790460581,3.06856573325662,3.1606318837241325,3.4018333962384677
50965120,10486400,40478720,50145920,iso_token,trunc,39.999,2005811200,whole/trunc,True,640,428605440.0,False,10485760,32,72d2e45,2,0.00183,3,0,8,8,0,5,40M_whole_r4_k2_s42,whole,4,40M,42,9794,2026-10-03 16:13:34,2005811200,2.6.0+cu124,1.76146809356288e+18,878182400.0,2.5848674500362705,3.070646940340407,3.126523155012558,3.3751392734623877,2.5848674500362705,3.070646940340407,3.1273237747509466,3.3757038237224855
50965120,10486400,40478720,50145920,iso_flop,trunc,58.566,2936832000,whole/trunc,True,640,428605440.0,False,10485760,32,72d2e45,2,0.00183,3,0,8,8,0,5,40M_whole_r4_k2_s42,whole,4,40M,42,14340,2026-10-03 18:18:48,2936832000,2.6.0+cu124,2.5790741741568e+18,878182400.0,2.5736432834787553,3.0259141483392824,3.067787181210965,3.3185356257423377,2.5736432834787553,3.0259141483392824,3.068555914109911,3.3191912516555084
50965120,10486400,40478720,50145920,iso_token,trunc,9.998,501350400,whole/trunc,True,640,428605440.0,False,10485760,32,72d2e45,2,0.00183,3,0,8,8,0,2,40M_whole_r4_k2_s43,whole,4,40M,43,2448,2026-10-03 12:03:41,501350400,2.6.0+cu124,4.4027709751296e+17,878182400.0,2.8489735059599974,3.3024884292127337,3.4059905238865222,3.644416971376589,2.8489735059599974,3.3024884292127337,3.4100141959123835,3.6476718198705185
50965120,10486400,40478720,50145920,iso_flop,trunc,14.641,734208000,whole/trunc,True,640,428605440.0,False,10485760,32,72d2e45,2,0.00183,3,0,8,8,0,2,40M_whole_r4_k2_s43,whole,4,40M,43,3585,2026-10-03 12:48:22,734208000,2.6.0+cu124,6.447685435392e+17,878182400.0,2.7704063328197126,3.2014732073970937,3.3013202469462386,3.5444382503891947,2.7704063328197126,3.2014732073970937,3.3035687530018927,3.546427822881276
50965120,10486400,40478720,50145920,iso_token,trunc,20.0,1002905600,whole/trunc,True,640,428605440.0,False,10485760,32,72d2e45,2,0.00183,3,0,8,8,0,2,40M_whole_r4_k2_s43,whole,4,40M,43,4897,2026-10-03 13:43:05,1002905600,2.6.0+cu124,8.8073404678144e+17,878182400.0,2.7260507193769423,3.144293463631139,3.2302898001668883,3.4746946632254785,2.7260507193769423,3.144293463631139,3.2322865148422806,3.4773016793223355
50965120,10486400,40478720,50145920,iso_flop,trunc,29.283,1468416000,whole/trunc,True,640,428605440.0,False,10485760,32,72d2e45,2,0.00183,3,0,8,8,0,2,40M_whole_r4_k2_s43,whole,4,40M,43,7170,2026-10-03 14:55:08,1468416000,2.6.0+cu124,1.2895370870784e+18,878182400.0,2.7496546835316096,3.0849830543724512,3.1666387933531235,3.417076849911804,2.7496546835316096,3.0849830543724512,3.1680217115548523,3.4197213236455077
50965120,10486400,40478720,50145920,iso_token,trunc,39.999,2005811200,whole/trunc,True,640,428605440.0,False,10485760,32,72d2e45,2,0.00183,3,0,8,8,0,2,40M_whole_r4_k2_s43,whole,4,40M,43,9794,2026-10-03 16:27:10,2005811200,2.6.0+cu124,1.76146809356288e+18,878182400.0,2.6426310294735638,3.0598869681034846,3.1239441021992453,3.375969211978667,2.6426310294735638,3.0598869681034846,3.1247901955826927,3.3767866675796316
50965120,10486400,40478720,50145920,iso_flop,trunc,58.566,2936832000,whole/trunc,True,640,428605440.0,False,10485760,32,72d2e45,2,0.00183,3,0,8,8,0,2,40M_whole_r4_k2_s43,whole,4,40M,43,14340,2026-10-03 18:33:31,2936832000,2.6.0+cu124,2.5790741741568e+18,878182400.0,2.5522882597072045,3.0062720428431837,3.060133823415244,3.310229878547426,2.5522882597072045,3.0062720428431837,3.06077767620283,3.3111579874731185
50965120,10486400,40478720,50145920,iso_token,trunc,9.998,501350400,whole/trunc,True,640,428605440.0,False,10485760,32,72d2e45,2,0.00183,3,0,8,8,0,0,40M_whole_r4_k2_s44,whole,4,40M,44,2448,2026-10-03 14:59:09,501350400,2.6.0+cu124,4.4027709751296e+17,878182400.0,2.8412154273230947,3.312300067008729,3.3982009012107133,3.644833583899171,2.8412154273230947,3.312300067008729,3.4021545711433063,3.6469638679783305
50965120,10486400,40478720,50145920,iso_flop,trunc,14.641,734208000,whole/trunc,True,640,428605440.0,False,10485760,32,72d2e45,2,0.00183,3,0,8,8,0,0,40M_whole_r4_k2_s44,whole,4,40M,44,3585,2026-10-03 15:43:52,734208000,2.6.0+cu124,6.447685435392e+17,878182400.0,2.8099149132609873,3.2083474821309745,3.296957004526338,3.543276095975044,2.8099149132609873,3.2083474821309745,3.2992258098266665,3.54607437937201
50965120,10486400,40478720,50145920,iso_token,trunc,20.0,1002905600,whole/trunc,True,640,428605440.0,False,10485760,32,72d2e45,2,0.00183,3,0,8,8,0,0,40M_whole_r4_k2_s44,whole,4,40M,44,4897,2026-10-03 16:38:35,1002905600,2.6.0+cu124,8.8073404678144e+17,878182400.0,2.7161736902410087,3.1289844059198293,3.229049980449981,3.4695950006475513,2.7161736902410087,3.1289844059198293,3.231097588269982,3.471924675604923
50965120,10486400,40478720,50145920,iso_flop,trunc,29.283,1468416000,whole/trunc,True,640,428605440.0,False,10485760,32,72d2e45,2,0.00183,3,0,8,8,0,0,40M_whole_r4_k2_s44,whole,4,40M,44,7170,2026-10-03 17:50:30,1468416000,2.6.0+cu124,1.2895370870784e+18,878182400.0,2.618736302441859,3.0547061839915965,3.1554363960226426,3.3947779943326437,2.618736302441859,3.0547061839915965,3.1568242935209727,3.397049428086358
50965120,10486400,40478720,50145920,iso_token,trunc,39.999,2005811200,whole/trunc,True,640,428605440.0,False,10485760,32,72d2e45,2,0.00183,3,0,8,8,0,0,40M_whole_r4_k2_s44,whole,4,40M,44,9794,2026-10-03 19:22:18,2005811200,2.6.0+cu124,1.76146809356288e+18,878182400.0,2.638499165452892,3.0293808156374284,3.103905177130066,3.357327716983254,2.638499165452892,3.0293808156374284,3.104669950767574,3.357222032044875
50965120,10486400,40478720,50145920,iso_flop,trunc,58.566,2936832000,whole/trunc,True,640,428605440.0,False,10485760,32,72d2e45,2,0.00183,3,0,8,8,0,0,40M_whole_r4_k2_s44,whole,4,40M,44,14340,2026-10-03 21:28:38,2936832000,2.6.0+cu124,2.5790741741568e+18,878182400.0,2.5921393182016326,2.981331776513048,3.0645474691282395,3.3100588572177276,2.5921393182016326,2.981331776513048,3.065284224556,3.310757825454072
50965120,10486400,40478720,50145920,iso_token,full,9.998,501350400,whole/full,True,640,836239360.0,False,10485760,64,35f42ee,0,0.00183,3,0,8,8,0,1,40M_whole_r8_full_s42,whole,8,40M,42,2448,2026-10-01 13:18:30,501350400,2.6.0+cu124,1.257746812895232e+18,2508718080.0,2.881797052578445,3.3064108710093443,3.395515819219716,3.640619441737936,2.881797052578445,3.3064108710093443,3.399794003778639,3.643908694240759
50965120,10486400,40478720,50145920,iso_token,full,20.0,1002905600,whole/full,True,640,836239360.0,False,10485760,64,35f42ee,0,0.00183,3,0,8,8,0,1,40M_whole_r8_full_s42,whole,8,40M,42,4897,2026-10-01 15:45:15,1002905600,2.6.0+cu124,2.516007411253248e+18,2508718080.0,2.666388873112537,3.1079928900604576,3.193878798888319,3.4378868241041807,2.666388873112537,3.1079928900604576,3.196059270831004,3.439645873316788
50965120,10486400,40478720,50145920,iso_token,full,39.999,2005811200,whole/full,True,640,836239360.0,False,10485760,64,35f42ee,0,0.00183,3,0,8,8,0,1,40M_whole_r8_full_s42,whole,8,40M,42,9794,2026-10-01 20:05:04,2005811200,2.6.0+cu124,5.032014822506496e+18,2508718080.0,2.5421126783367165,2.9921874761349483,3.0641765736474973,3.3113555404900783,2.5421126783367165,2.9921874761349483,3.065016625771989,3.3118983281872723
50965120,10486400,40478720,50145920,iso_token,full,9.998,501350400,whole/full,True,640,836239360.0,False,10485760,64,72d2e45,0,0.00183,3,0,8,8,0,1,40M_whole_r8_full_s43,whole,8,40M,43,2448,2026-10-02 05:19:27,501350400,2.6.0+cu124,1.257746812895232e+18,2508718080.0,3.1020239015480295,3.277517311047265,3.3874063765064175,3.6460279314133817,3.1020239015480295,3.277517311047265,3.391681560465211,3.6507378173713083
50965120,10486400,40478720,50145920,iso_token,full,20.0,1002905600,whole/full,True,640,836239360.0,False,10485760,64,72d2e45,0,0.00183,3,0,8,8,0,1,40M_whole_r8_full_s43,whole,8,40M,43,4897,2026-10-02 07:45:53,1002905600,2.6.0+cu124,2.516007411253248e+18,2508718080.0,2.7928282264849904,3.173385770460909,3.2814907305576764,3.5215877898613077,2.7928282264849904,3.173385770460909,3.283804579801443,3.523551078651072
50965120,10486400,40478720,50145920,iso_token,full,39.999,2005811200,whole/full,True,640,836239360.0,False,10485760,64,72d2e45,0,0.00183,3,0,8,8,0,1,40M_whole_r8_full_s43,whole,8,40M,43,9794,2026-10-02 12:05:31,2005811200,2.6.0+cu124,5.032014822506496e+18,2508718080.0,2.6604605682385354,3.026330587178,3.0777197759938764,3.3371604380657165,2.6604605682385354,3.026330587178,3.0786214063228834,3.3377004322497776
50965120,10486400,40478720,50145920,iso_token,full,9.998,501350400,whole/full,True,640,836239360.0,True,10485760,64,72d2e45,0,0.00183,3,0,8,8,0,1,40M_whole_r8_full_s44,whole,8,40M,44,2448,2026-10-02 05:24:11,501350400,2.6.0+cu124,1.257746812895232e+18,2508718080.0,6.2274752179572035,5.754341520317554,5.483359407400083,5.81880955669006,6.2274752179572035,5.754341520317554,5.4887664319582115,5.8384734122855235
50965120,10486400,40478720,50145920,iso_token,full,20.0,1002905600,whole/full,True,640,836239360.0,False,10485760,64,72d2e45,0,0.00183,3,0,8,8,0,1,40M_whole_r8_full_s44,whole,8,40M,44,4897,2026-10-02 07:49:36,1002905600,2.6.0+cu124,2.516007411253248e+18,2508718080.0,3.776170236370627,4.330978792217017,4.49288868277159,4.662687719683086,3.776170236370627,4.330978792217017,4.4953193770280215,4.665427487483233
50965120,10486400,40478720,50145920,iso_token,full,39.999,2005811200,whole/full,True,640,836239360.0,False,10485760,64,72d2e45,0,0.00183,3,0,8,8,0,1,40M_whole_r8_full_s44,whole,8,40M,44,9794,2026-10-02 12:07:25,2005811200,2.6.0+cu124,5.032014822506496e+18,2508718080.0,4.279804429714474,4.084477541224637,3.7846661684914853,4.198244056566892,4.279804429714474,4.084477541224637,3.785731896747093,4.198468858150408
50965120,10486400,40478720,50145920,iso_token,trunc,9.998,501350400,whole/trunc,True,640,836239360.0,False,10485760,64,35f42ee,4,0.00183,3,0,8,8,0,4,40M_whole_r8_k4_s42,whole,8,40M,42,2448,2026-09-30 08:18:02,501350400,2.6.0+cu124,8.49011955204096e+17,1693450240.0,3.016832831671183,3.287876850790487,3.354368141655099,3.6161834078385384,3.016832831671183,3.287876850790487,3.3588238233546126,3.619366678019618
50965120,10486400,40478720,50145920,iso_flop,trunc,14.813,742809600,whole/trunc,True,640,836239360.0,False,10485760,64,35f42ee,4,0.00183,3,0,8,8,0,4,40M_whole_r8_k4_s42,whole,8,40M,42,3627,2026-09-30 09:43:04,742809600,2.6.0+cu124,1.257911095394304e+18,1693450240.0,3.219848438803669,3.232781681155812,3.2816436212029827,3.5699540896140074,3.219848438803669,3.232781681155812,3.2910547147224656,3.5947988153128567
50965120,10486400,40478720,50145920,iso_token,trunc,20.0,1002905600,whole/trunc,True,640,836239360.0,False,10485760,64,35f42ee,4,0.00183,3,0,8,8,0,4,40M_whole_r8_k4_s42,whole,8,40M,42,4897,2026-09-30 11:26:35,1002905600,2.6.0+cu124,1.698370729017344e+18,1693450240.0,2.725579841938578,3.114834811523771,3.2075486808949356,3.4539159214519195,2.725579841938578,3.114834811523771,3.209576438026098,3.4559455564725887
50965120,10486400,40478720,50145920,iso_flop,trunc,29.626,1485619200,whole/trunc,True,640,836239360.0,False,10485760,64,35f42ee,4,0.00183,3,0,8,8,0,4,40M_whole_r8_k4_s42,whole,8,40M,42,7254,2026-09-30 13:43:53,1485619200,2.6.0+cu124,2.515822190788608e+18,1693450240.0,2.7187961481004614,3.046766461269396,3.1380613559566024,3.3932029499411187,2.7187961481004614,3.046766461269396,3.139090536866045,3.394088700760337
50965120,10486400,40478720,50145920,iso_token,trunc,39.999,2005811200,whole/trunc,True,640,836239360.0,False,10485760,64,35f42ee,4,0.00183,3,0,8,8,0,4,40M_whole_r8_k4_s42,whole,8,40M,42,9794,2026-09-30 16:37:18,2005811200,2.6.0+cu124,3.396741458034688e+18,1693450240.0,2.6623546183246614,3.0052013677737968,3.083972491200046,3.3415276545617907,2.6623546183246614,3.0052013677737968,3.084824654514397,3.3419286298073927
50965120,10486400,40478720,50145920,iso_flop,trunc,59.256,2971443200,whole/trunc,True,640,836239360.0,False,10485760,64,35f42ee,4,0.00183,3,0,8,8,0,4,40M_whole_r8_k4_s42,whole,8,40M,42,14509,2026-09-30 20:38:13,2971443200,2.6.0+cu124,5.031991200186368e+18,1693450240.0,2.4699260244769414,2.9464864821778507,3.0314700673211847,3.279479426689689,2.4699260244769414,2.9464864821778507,3.0320479365934987,3.280152611352188
50965120,10486400,40478720,50145920,iso_token,trunc,9.998,501350400,whole/trunc,True,640,836239360.0,False,10485760,64,35f42ee,4,0.00183,3,0,8,8,0,7,40M_whole_r8_k4_s43,whole,8,40M,43,2448,2026-10-01 00:24:52,501350400,2.6.0+cu124,8.49011955204096e+17,1693450240.0,3.184773011359194,3.2716850993099937,3.3553101873675173,3.6280030515372044,3.184773011359194,3.2716850993099937,3.35958807369,3.6306098179767314
50965120,10486400,40478720,50145920,iso_flop,trunc,14.813,742809600,whole/trunc,True,640,836239360.0,False,10485760,64,35f42ee,4,0.00183,3,0,8,8,0,7,40M_whole_r8_k4_s43,whole,8,40M,43,3627,2026-10-01 01:50:07,742809600,2.6.0+cu124,1.257911095394304e+18,1693450240.0,2.8209750014609756,3.192744431899236,3.2728548677272116,3.528329282768628,2.8209750014609756,3.192744431899236,3.276308949655599,3.530610325133288
50965120,10486400,40478720,50145920,iso_token,trunc,20.0,1002905600,whole/trunc,True,640,836239360.0,False,10485760,64,35f42ee,4,0.00183,3,0,8,8,0,7,40M_whole_r8_k4_s43,whole,8,40M,43,4897,2026-10-01 03:33:43,1002905600,2.6.0+cu124,1.698370729017344e+18,1693450240.0,2.71247087436352,3.14869138532981,3.2116823419263265,3.4613278100252654,2.71247087436352,3.14869138532981,3.213773215286775,3.4630496592825466
50965120,10486400,40478720,50145920,iso_flop,trunc,29.626,1485619200,whole/trunc,True,640,836239360.0,True,10485760,64,35f42ee,4,0.00183,3,0,8,8,0,7,40M_whole_r8_k4_s43,whole,8,40M,43,7254,2026-10-01 05:49:53,1485619200,2.6.0+cu124,2.515822190788608e+18,1693450240.0,8.396234394261183,7.725618432300699,7.33383825114936,7.651940468153422,8.396234394261183,7.725618432300699,7.336207132018383,7.6571887346557785
50965120,10486400,40478720,50145920,iso_token,trunc,39.999,2005811200,whole/trunc,True,640,836239360.0,True,10485760,64,35f42ee,4,0.00183,3,0,8,8,0,7,40M_whole_r8_k4_s43,whole,8,40M,43,9794,2026-10-01 08:42:23,2005811200,2.6.0+cu124,3.396741458034688e+18,1693450240.0,8.114689327642534,7.839032914474821,7.489241757654212,7.753783153209517,8.114689327642534,7.839032914474821,7.490270218477176,7.753546324063195
50965120,10486400,40478720,50145920,iso_flop,trunc,59.256,2971443200,whole/trunc,True,640,836239360.0,True,10485760,64,35f42ee,4,0.00183,3,0,8,8,0,7,40M_whole_r8_k4_s43,whole,8,40M,43,14509,2026-10-01 12:40:39,2971443200,2.6.0+cu124,5.031991200186368e+18,1693450240.0,8.11669933007955,7.922767289888108,7.573444254150103,7.833227822347376,8.11669933007955,7.922767289888108,7.573605778170375,7.83324800480786
50965120,10486400,40478720,50145920,iso_token,trunc,9.998,501350400,whole/trunc,True,640,836239360.0,False,10485760,64,35f42ee,4,0.00183,3,0,8,8,0,6,40M_whole_r8_k4_s44,whole,8,40M,44,2448,2026-10-01 00:39:22,501350400,2.6.0+cu124,8.49011955204096e+17,1693450240.0,3.1642719060129165,3.284526242534049,3.3760133193323787,3.6434161314051927,3.1642719060129165,3.284526242534049,3.3808665708192023,3.6464008306567064
50965120,10486400,40478720,50145920,iso_flop,trunc,14.813,742809600,whole/trunc,True,640,836239360.0,False,10485760,64,35f42ee,4,0.00183,3,0,8,8,0,6,40M_whole_r8_k4_s44,whole,8,40M,44,3627,2026-10-01 02:03:48,742809600,2.6.0+cu124,1.257911095394304e+18,1693450240.0,2.840775322886047,3.188537727784869,3.2737947336098308,3.526305512699332,2.840775322886047,3.188537727784869,3.2775294174023917,3.530185688508974
50965120,10486400,40478720,50145920,iso_token,trunc,20.0,1002905600,whole/trunc,True,640,836239360.0,False,10485760,64,35f42ee,4,0.00183,3,0,8,8,0,6,40M_whole_r8_k4_s44,whole,8,40M,44,4897,2026-10-01 03:46:27,1002905600,2.6.0+cu124,1.698370729017344e+18,1693450240.0,2.9771556663571777,3.1323752870550416,3.2175983628135274,3.486213896609166,2.9771556663571777,3.1323752870550416,3.219774572635927,3.4879690047434955
50965120,10486400,40478720,50145920,iso_flop,trunc,29.626,1485619200,whole/trunc,True,640,836239360.0,False,10485760,64,35f42ee,4,0.00183,3,0,8,8,0,6,40M_whole_r8_k4_s44,whole,8,40M,44,7254,2026-10-01 06:02:30,1485619200,2.6.0+cu124,2.515822190788608e+18,1693450240.0,2.4854795814237987,3.0340285792547794,3.1368414220523215,3.3716151346156176,2.4854795814237987,3.0340285792547794,3.1378439680237875,3.3726494384878456
50965120,10486400,40478720,50145920,iso_token,trunc,39.999,2005811200,whole/trunc,True,640,836239360.0,False,10485760,64,35f42ee,4,0.00183,3,0,8,8,0,6,40M_whole_r8_k4_s44,whole,8,40M,44,9794,2026-10-01 08:54:48,2005811200,2.6.0+cu124,3.396741458034688e+18,1693450240.0,2.469072158774511,2.9960227145814695,3.0906811114600514,3.3275180610300095,2.469072158774511,2.9960227145814695,3.091549157783813,3.3282959633374194
50965120,10486400,40478720,50145920,iso_flop,trunc,59.256,2971443200,whole/trunc,True,640,836239360.0,False,10485760,64,35f42ee,4,0.00183,3,0,8,8,0,6,40M_whole_r8_k4_s44,whole,8,40M,44,14509,2026-10-01 12:53:42,2971443200,2.6.0+cu124,5.031991200186368e+18,1693450240.0,2.4410281318788383,2.9287858028015377,3.0307785007851495,3.2703459452547596,2.4410281318788383,2.9287858028015377,3.0313628451326338,3.2708505100180383
92683136,92683136,0,92683136,iso_token,full,4.999,463339520,dense/full,True,896,214695936.0,False,14680064,8,72d2e45,0,0.00203,3,0,0,8,8,0,80M_dense_r1_s42,dense,1,80M,42,1414,2026-10-03 06:28:20,463339520,2.6.0+cu124,2.9843133579657216e+17,644087808.0,3.1216112096142057,3.4011087736576346,3.3875159751658965,3.6689060368019586,3.1216112096142057,3.4011087736576346,3.3985331470417317,3.6795105520929767
92683136,92683136,0,92683136,iso_token,full,9.998,926679040,dense/full,True,896,214695936.0,False,14680064,8,72d2e45,0,0.00203,3,0,0,8,8,0,80M_dense_r1_s42,dense,1,80M,42,2828,2026-10-03 06:58:30,926679040,2.6.0+cu124,5.968626715931443e+17,644087808.0,2.8938930025115845,3.1791069365873432,3.1855144919678806,3.462915667898674,2.8938930025115845,3.1791069365873432,3.189117567415712,3.4666068958714895
92683136,92683136,0,92683136,iso_token,full,19.997,1853358080,dense/full,True,896,214695936.0,False,14680064,8,72d2e45,0,0.00203,3,0,0,8,8,0,80M_dense_r1_s42,dense,1,80M,42,5656,2026-10-03 07:49:48,1853358080,2.6.0+cu124,1.1937253431862886e+18,644087808.0,2.8179253759267455,3.1172431370646936,3.0507024535092184,3.354993915382078,2.8179253759267455,3.1172431370646936,3.0517257737851686,3.355939348951727
92683136,92683136,0,92683136,iso_token,full,39.997,3707043840,dense/full,True,896,214695936.0,False,14680064,8,72d2e45,0,0.00203,3,0,0,8,8,0,80M_dense_r1_s42,dense,1,80M,42,11313,2026-10-03 09:23:23,3707043840,2.6.0+cu124,2.3876617410655027e+18,644087808.0,2.773329461825119,3.0681241615156347,2.955458598005261,3.266480800382956,2.773329461825119,3.0681241615156347,2.956011479843816,3.26704006421471
92683136,92683136,0,92683136,iso_token,full,79.997,7414415360,dense/full,True,896,214695936.0,False,14680064,8,72d2e45,0,0.00203,3,0,0,8,8,0,80M_dense_r1_s42,dense,1,80M,42,22627,2026-10-03 12:21:39,7414415360,2.6.0+cu124,4.775534536823931e+18,644087808.0,2.648497274605447,3.0131982747362565,2.8834404528770907,3.186797309157413,2.648497274605447,3.0131982747362565,2.883865795652166,3.1870341826402395
94288768,53682048,40606720,92683136,iso_token,full,9.998,926679040,middle/full,True,896,313786368.0,False,14680064,12,72d2e45,0,0.00203,3,2,4,8,2,0,80M_middle_r2_full_s42,middle,2,80M,42,2828,2026-10-04 19:16:09,926679040,2.6.0+cu124,8.723377507899802e+17,941359104.0,2.972445468163809,3.1365306732640046,3.179885971582306,3.451739255126235,2.972445468163809,3.1365306732640046,3.1840048741839886,3.4544682012628005
94288768,53682048,40606720,92683136,iso_token,full,19.997,1853358080,middle/full,True,896,313786368.0,False,14680064,12,72d2e45,0,0.00203,3,2,4,8,2,0,80M_middle_r2_full_s42,middle,2,80M,42,5656,2026-10-04 20:26:30,1853358080,2.6.0+cu124,1.7446755015799603e+18,941359104.0,2.8344134160019787,3.0284241675280748,3.0361524466518257,3.3137141942770385,2.8344134160019787,3.0284241675280748,3.0372965656289477,3.3136849142879967
94288768,53682048,40606720,92683136,iso_token,full,39.997,3707043840,middle/full,True,896,313786368.0,False,14680064,12,72d2e45,0,0.00203,3,2,4,8,2,0,80M_middle_r2_full_s42,middle,2,80M,42,11313,2026-10-04 22:34:47,3707043840,2.6.0+cu124,3.4896594677111194e+18,941359104.0,3.113295145929821,2.9554443265379655,2.931928172474403,3.243670270346648,3.113295145929821,2.9554443265379655,2.9325480910731136,3.243799144326964
94288768,53682048,40606720,92683136,iso_token,full,9.998,926679040,middle/full,True,896,505544704.0,False,14680064,20,72d2e45,0,0.00203,3,2,4,8,2,0,80M_middle_r4_full_s42,middle,4,80M,42,2828,2026-10-03 01:47:52,926679040,2.6.0+cu124,1.4054330429394125e+18,1516634112.0,2.8814623102932555,3.1205938453102045,3.1629625804849875,3.4282339688459733,2.8814623102932555,3.1205938453102045,3.1672613411252315,3.4315349383526144
94288768,53682048,40606720,92683136,iso_token,full,19.997,1853358080,middle/full,True,896,505544704.0,False,14680064,20,72d2e45,0,0.00203,3,2,4,8,2,0,80M_middle_r4_full_s42,middle,4,80M,42,5656,2026-10-03 03:40:43,1853358080,2.6.0+cu124,2.810866085878825e+18,1516634112.0,2.7632858001729885,2.9931000975577136,3.011368830237018,3.2855839578428245,2.7632858001729885,2.9931000975577136,3.012575670338247,3.2861221271540804
94288768,53682048,40606720,92683136,iso_token,full,39.997,3707043840,middle/full,True,896,505544704.0,False,14680064,20,72d2e45,0,0.00203,3,2,4,8,2,0,80M_middle_r4_full_s42,middle,4,80M,42,11313,2026-10-03 07:07:03,3707043840,2.6.0+cu124,5.62222914242347e+18,1516634112.0,2.8342168102383547,2.930739564674924,2.900777081887767,3.186943939427835,2.8342168102383547,2.930739564674924,2.901403864709779,3.188333724835903
94288768,53682048,40606720,92683136,iso_token,trunc,9.998,926679040,middle/trunc,True,896,505544704.0,False,14680064,20,72d2e45,2,0.00203,3,2,4,8,2,4,80M_middle_r4_k2_s42,middle,4,80M,42,2828,2026-10-02 08:03:32,926679040,2.6.0+cu124,1.0500361815064576e+18,1133117440.0,2.8238376851736398,3.1831089711752023,3.206580442381089,3.4700629021200884,2.8238376851736398,3.1831089711752023,3.2108443427237567,3.4735504382481808
94288768,53682048,40606720,92683136,iso_flop,trunc,13.382,1240268800,middle/trunc,True,896,505544704.0,False,14680064,20,72d2e45,2,0.00203,3,2,4,8,2,4,80M_middle_r4_k2_s42,middle,4,80M,42,3785,2026-10-02 09:10:56,1240268800,2.6.0+cu124,1.405370207567872e+18,1133117440.0,2.7447307184296608,3.1344046221247686,3.138587243377093,3.3972182829902136,2.7447307184296608,3.1344046221247686,3.14121927430129,3.400489254997815
94288768,53682048,40606720,92683136,iso_token,trunc,19.997,1853358080,middle/trunc,True,896,505544704.0,False,14680064,20,72d2e45,2,0.00203,3,2,4,8,2,4,80M_middle_r4_k2_s42,middle,4,80M,42,5656,2026-10-02 10:41:58,1853358080,2.6.0+cu124,2.1000723630129152e+18,1133117440.0,2.5834085976471397,3.0471120262761238,3.0585101804501242,3.3167521510706,2.5834085976471397,3.0471120262761238,3.0597191798537566,3.317973891432184
94288768,53682048,40606720,92683136,iso_flop,trunc,26.767,2480865280,middle/trunc,True,896,505544704.0,False,14680064,20,72d2e45,2,0.00203,3,2,4,8,2,4,80M_middle_r4_k2_s42,middle,4,80M,42,7571,2026-10-02 12:37:14,2480865280,2.6.0+cu124,2.811111715058483e+18,1133117440.0,2.607701597586797,3.0380454322452044,3.0162789680413455,3.284992874459086,2.607701597586797,3.0380454322452044,3.0170272553606075,3.286026171795806
94288768,53682048,40606720,92683136,iso_token,trunc,39.997,3707043840,middle/trunc,True,896,505544704.0,False,14680064,20,72d2e45,2,0.00203,3,2,4,8,2,4,80M_middle_r4_k2_s42,middle,4,80M,42,11313,2026-10-02 15:19:40,3707043840,2.6.0+cu124,4.2005160259485696e+18,1133117440.0,2.573504321446135,2.9789609936279646,2.9541442690155786,3.2206598973592837,2.573504321446135,2.9789609936279646,2.9547643255703715,3.221674469920194
94288768,53682048,40606720,92683136,iso_flop,trunc,53.538,4962058240,middle/trunc,True,896,505544704.0,False,14680064,20,72d2e45,2,0.00203,3,2,4,8,2,4,80M_middle_r4_k2_s42,middle,4,80M,42,15143,2026-10-02 18:50:32,4962058240,2.6.0+cu124,5.622594730039706e+18,1133117440.0,2.468878026638741,2.942521674201746,2.9151077822267037,3.1709179017506073,2.468878026638741,2.942521674201746,2.9154940037297536,3.170683032195612
94288768,53682048,40606720,92683136,iso_token,full,9.998,926679040,middle/full,True,896,889061376.0,False,14680064,36,35f42ee,0,0.00203,3,2,4,8,2,0,80M_middle_r8_full_s42,middle,8,80M,42,2828,2026-09-29 22:36:51,926679040,2.6.0+cu124,2.471623627238277e+18,2667184128.0,2.7262044501288756,3.1002603942705464,3.1772141515979158,3.4276408058457717,2.7262044501288756,3.1002603942705464,3.181583526937162,3.4314793301741955
94288768,53682048,40606720,92683136,iso_token,full,19.997,1853358080,middle/full,True,896,889061376.0,False,14680064,36,35f42ee,0,0.00203,3,2,4,8,2,0,80M_middle_r8_full_s42,middle,8,80M,42,5656,2026-09-30 03:22:24,1853358080,2.6.0+cu124,4.943247254476554e+18,2667184128.0,2.5490602046796043,2.964210723916309,3.0160901604681545,3.2685978239530256,2.5490602046796043,2.964210723916309,3.017341038839674,3.269415146878137
94288768,53682048,40606720,92683136,iso_token,full,39.997,3707043840,middle/full,True,896,889061376.0,False,14680064,36,35f42ee,0,0.00203,3,2,4,8,2,0,80M_middle_r8_full_s42,middle,8,80M,42,11313,2026-09-30 11:57:11,3707043840,2.6.0+cu124,9.887368491848172e+18,2667184128.0,2.482371820538502,2.879204247198153,2.899422468107456,3.1526467929048283,2.482371820538502,2.879204247198153,2.9000620994714748,3.153220186674119
94288768,53682048,40606720,92683136,iso_token,trunc,9.998,926679040,middle/trunc,True,896,889061376.0,False,14680064,36,35f42ee,4,0.00203,3,2,4,8,2,0,80M_middle_r8_k4_s42,middle,8,80M,42,2828,2026-09-27 18:40:40,926679040,2.6.0+cu124,1.7608299043723674e+18,1900150784.0,2.779346191317284,3.1327982840587585,3.191778107416799,3.4441860926742716,2.779346191317284,3.1327982840587585,3.196213859579616,3.4490038239742074
94288768,53682048,40606720,92683136,iso_flop,trunc,14.036,1300889600,middle/trunc,True,896,889061376.0,False,14680064,36,35f42ee,4,0.00203,3,2,4,8,2,0,80M_middle_r8_k4_s42,middle,8,80M,42,3970,2026-09-27 20:45:56,1300889600,2.6.0+cu124,2.4718863933374464e+18,1900150784.0,2.7120661088187514,3.0712426294349537,3.1068089819270877,3.3630203855525367,2.7120661088187514,3.0712426294349537,3.109286271732491,3.365537661999749
94288768,53682048,40606720,92683136,iso_token,trunc,19.997,1853358080,middle/trunc,True,896,889061376.0,False,14680064,36,35f42ee,4,0.00203,3,2,4,8,2,0,80M_middle_r8_k4_s42,middle,8,80M,42,5656,2026-09-27 23:30:14,1853358080,2.6.0+cu124,3.5216598087447347e+18,1900150784.0,2.615773436489831,2.987104465137349,3.031518456741937,3.290191269709483,2.615773436489831,2.987104465137349,3.032732321841619,3.291375078302988
94288768,53682048,40606720,92683136,iso_flop,trunc,28.072,2601779200,middle/trunc,True,896,889061376.0,False,14680064,36,35f42ee,4,0.00203,3,2,4,8,2,0,80M_middle_r8_k4_s42,middle,8,80M,42,7940,2026-09-28 03:07:25,2601779200,2.6.0+cu124,4.943772786674893e+18,1900150784.0,2.6122132626603283,2.9636311889591993,2.9695385346748986,3.235714166604223,2.6122132626603283,2.9636311889591993,2.9707641029490723,3.2370615789398056
94288768,53682048,40606720,92683136,iso_token,trunc,39.997,3707043840,middle/trunc,True,896,889061376.0,False,14680064,36,35f42ee,4,0.00203,3,2,4,8,2,0,80M_middle_r8_k4_s42,middle,8,80M,42,11313,2026-09-28 08:39:10,3707043840,2.6.0+cu124,7.043942258898371e+18,1900150784.0,2.525865497631104,2.9203069211883568,2.915388484019519,3.177980237766184,2.525865497631104,2.9203069211883568,2.916041286009703,3.178616211759515
94288768,53682048,40606720,92683136,iso_flop,trunc,56.144,5203558400,middle/trunc,True,896,889061376.0,False,14680064,36,35f42ee,4,0.00203,3,2,4,8,2,0,80M_middle_r8_k4_s42,middle,8,80M,42,15880,2026-09-28 15:22:26,5203558400,2.6.0+cu124,9.887545573349786e+18,1900150784.0,2.487577832744306,2.855667573467792,2.8689906277019444,3.1254275796551485,2.487577832744306,2.855667573467792,2.8693849982102306,3.1258651223854153
94288768,14680960,79607808,92683136,iso_token,full,9.998,926679040,whole/full,True,896,406454272.0,False,14680064,16,72d2e45,0,0.00203,3,0,8,8,0,0,80M_whole_r2_full_s42,whole,2,80M,42,2828,2026-10-03 23:16:20,926679040,2.6.0+cu124,1.1299579637425766e+18,1219362816.0,2.8860071706281123,3.1543129885363315,3.196822995937182,3.4654466727808884,2.8860071706281123,3.1543129885363315,3.200912567916903,3.4687994636621062
94288768,14680960,79607808,92683136,iso_token,full,19.997,1853358080,whole/full,True,896,406454272.0,False,14680064,16,72d2e45,0,0.00203,3,0,8,8,0,0,80M_whole_r2_full_s42,whole,2,80M,42,5656,2026-10-04 00:46:55,1853358080,2.6.0+cu124,2.2599159274851533e+18,1219362816.0,2.6754611683638925,3.0203715591080074,3.0540921821087985,3.3186971722925556,2.6754611683638925,3.0203715591080074,3.05517901834162,3.319602973803807
94288768,14680960,79607808,92683136,iso_token,full,39.997,3707043840,whole/full,True,896,406454272.0,False,14680064,16,72d2e45,0,0.00203,3,0,8,8,0,0,80M_whole_r2_full_s42,whole,2,80M,42,11313,2026-10-04 03:32:06,3707043840,2.6.0+cu124,4.5202314157778534e+18,1219362816.0,2.934624895937926,2.94777767341213,2.950748113348764,3.2517437675961043,2.934624895937926,2.94777767341213,2.9513298234577334,3.252294877103919
94288768,14680960,79607808,92683136,iso_token,full,9.998,926679040,whole/full,True,896,783548416.0,False,14680064,32,35f42ee,0,0.00203,3,0,8,8,0,0,80M_whole_r4_full_s42,whole,4,80M,42,2828,2026-09-29 21:15:16,926679040,2.6.0+cu124,2.178293681797202e+18,2350645248.0,2.8610655121536923,3.18538371650288,3.2350193678019252,3.4966904006424993,2.8610655121536923,3.18538371650288,3.2392982885671606,3.5000120055084882
94288768,14680960,79607808,92683136,iso_token,full,19.997,1853358080,whole/full,True,896,783548416.0,False,14680064,32,35f42ee,0,0.00203,3,0,8,8,0,0,80M_whole_r4_full_s42,whole,4,80M,42,5656,2026-09-30 01:09:47,1853358080,2.6.0+cu124,4.356587363594404e+18,2350645248.0,2.5712629660600084,3.016700907106572,3.0735113578375137,3.3294442967331896,2.5712629660600084,3.016700907106572,3.0746941074929572,3.329895835284693
94288768,14680960,79607808,92683136,iso_token,full,39.997,3707043840,whole/full,True,896,783548416.0,False,14680064,32,35f42ee,0,0.00203,3,0,8,8,0,0,80M_whole_r4_full_s42,whole,4,80M,42,11313,2026-09-30 08:26:34,3707043840,2.6.0+cu124,8.713944986623672e+18,2350645248.0,2.5312372853352993,2.912249572045987,2.958852162591224,3.2162338578812717,2.5312372853352993,2.912249572045987,2.9594691437930916,3.2175386540097457
94288768,14680960,79607808,92683136,iso_token,trunc,9.998,926679040,whole/trunc,True,896,783548416.0,False,14680064,32,35f42ee,2,0.00203,3,0,8,8,0,3,80M_whole_r4_k2_s42,whole,4,80M,42,2828,2026-09-27 17:23:51,926679040,2.6.0+cu124,1.4794032030941184e+18,1596456960.0,2.8797646318246897,3.150116820189146,3.2248429657737736,3.482026260158298,2.8797646318246897,3.150116820189146,3.2290392009497295,3.4859019476821373
94288768,14680960,79607808,92683136,iso_flop,trunc,14.722,1364459520,whole/trunc,True,896,783548416.0,False,14680064,32,35f42ee,2,0.00203,3,0,8,8,0,3,80M_whole_r4_k2_s42,whole,4,80M,42,4164,2026-09-27 19:19:27,1364459520,2.6.0+cu124,2.1783008973422592e+18,1596456960.0,2.659347885697859,3.073871509349265,3.12676658547949,3.377176894307118,2.659347885697859,3.073871509349265,3.128892586267104,3.3800655564895137
94288768,14680960,79607808,92683136,iso_token,trunc,19.997,1853358080,whole/trunc,True,896,783548416.0,False,14680064,32,35f42ee,2,0.00203,3,0,8,8,0,3,80M_whole_r4_k2_s42,whole,4,80M,42,5656,2026-09-27 21:45:26,1853358080,2.6.0+cu124,2.958806406188237e+18,1596456960.0,2.6207461615909073,3.024843363173271,3.0644497481358863,3.321852649560106,2.6207461615909073,3.024843363173271,3.0656633826620614,3.322656886294766
94288768,14680960,79607808,92683136,iso_flop,trunc,29.447,2729246720,whole/trunc,True,896,783548416.0,False,14680064,32,35f42ee,2,0.00203,3,0,8,8,0,3,80M_whole_r4_k2_s42,whole,4,80M,42,8329,2026-09-28 01:06:10,2729246720,2.6.0+cu124,4.357124921701171e+18,1596456960.0,2.55814946656659,2.983671873849106,2.992584797267081,3.2558154642816928,2.55814946656659,2.983671873849106,2.9937198830505047,3.256548562276187
94288768,14680960,79607808,92683136,iso_token,trunc,39.997,3707043840,whole/trunc,True,896,783548416.0,False,14680064,32,35f42ee,2,0.00203,3,0,8,8,0,3,80M_whole_r4_k2_s42,whole,4,80M,42,11313,2026-09-28 05:31:31,3707043840,2.6.0+cu124,5.918135939393126e+18,1596456960.0,2.5626817957351884,2.9670486068964848,2.9547353193372614,3.218383632676221,2.5626817957351884,2.9670486068964848,2.955350850750261,3.2192915686630363
94288768,14680960,79607808,92683136,iso_flop,trunc,58.894,5458493440,whole/trunc,True,896,783548416.0,False,14680064,32,35f42ee,2,0.00203,3,0,8,8,0,3,80M_whole_r4_k2_s42,whole,4,80M,42,16658,2026-09-28 11:59:23,5458493440,2.6.0+cu124,8.714249843402342e+18,1596456960.0,2.6408635204724957,2.9292224877612223,2.90821870377035,3.179867516916033,2.6408635204724957,2.9292224877612223,2.9086860711191544,3.1809313135933404
94288768,14680960,79607808,92683136,iso_token,full,9.998,926679040,whole/full,True,896,1537736704.0,False,14680064,64,35f42ee,0,0.00203,3,0,8,8,0,2,80M_whole_r8_full_s42,whole,8,80M,42,2828,2026-09-28 19:59:19,926679040,2.6.0+cu124,4.2749651179064525e+18,4613210112.0,2.7480431406992714,3.13117333648941,3.2242998996374306,3.4671715662584504,2.7480431406992714,3.13117333648941,3.2285242070271782,3.471657375585176
94288768,14680960,79607808,92683136,iso_token,full,19.997,1853358080,whole/full,True,896,1537736704.0,False,14680064,64,35f42ee,0,0.00203,3,0,8,8,0,2,80M_whole_r8_full_s42,whole,8,80M,42,5656,2026-09-29 03:23:58,1853358080,2.6.0+cu124,8.549930235812905e+18,4613210112.0,2.549733462894477,2.980358536528721,3.0517022671429603,3.297393803515685,2.549733462894477,2.980358536528721,3.0529296608319627,3.2982040760453764
94288768,14680960,79607808,92683136,iso_token,full,39.997,3707043840,whole/full,True,896,1537736704.0,False,14680064,64,35f42ee,0,0.00203,3,0,8,8,0,2,80M_whole_r8_full_s42,whole,8,80M,42,11313,2026-09-29 17:16:18,3707043840,2.6.0+cu124,1.710137212831531e+19,4613210112.0,2.4332453729455588,2.8606149678979564,2.906752870994381,3.1582935150241798,2.4332453729455588,2.8606149678979564,2.9073922731716153,3.1592198716610045
94288768,14680960,79607808,92683136,iso_token,trunc,9.998,926679040,whole/trunc,True,896,1537736704.0,False,14680064,64,35f42ee,4,0.00203,3,0,8,8,0,13,80M_whole_r8_k4_s42,whole,8,80M,42,2828,2026-09-28 14:46:09,926679040,2.6.0+cu124,2.8771841605002854e+18,3104833536.0,2.746117595959525,3.0905990308712084,3.165554480245251,3.419737666379923,2.746117595959525,3.0905990308712084,3.1700577509337804,3.4239573300921395
94288768,14680960,79607808,92683136,iso_flop,trunc,14.856,1376911360,whole/trunc,True,896,1537736704.0,False,14680064,64,35f42ee,4,0.00203,3,0,8,8,0,13,80M_whole_r8_k4_s42,whole,8,80M,42,4202,2026-09-28 18:26:16,1376911360,2.6.0+cu124,4.275080566627369e+18,3104833536.0,2.6113717154139144,2.9999138651572395,3.0691767054322097,3.3194075334725808,2.6113717154139144,2.9999138651572395,3.0717730436022728,3.3221409791988044
94288768,14680960,79607808,92683136,iso_token,trunc,19.997,1853358080,whole/trunc,True,896,1537736704.0,False,14680064,64,35f42ee,4,0.00203,3,0,8,8,0,13,80M_whole_r8_k4_s42,whole,8,80M,42,5656,2026-09-29 00:03:56,1853358080,2.6.0+cu124,5.754368321000571e+18,3104833536.0,2.5581035113518986,2.9735434116974666,3.0389244441387646,3.29145030717526,2.5581035113518986,2.9735434116974666,3.040094831405789,3.2925472243204545
94288768,14680960,79607808,92683136,iso_flop,trunc,29.716,2754150400,whole/trunc,True,896,1537736704.0,False,14680064,64,35f42ee,4,0.00203,3,0,8,8,0,13,80M_whole_r8_k4_s42,whole,8,80M,42,8405,2026-09-29 08:17:51,2754150400,2.6.0+cu124,8.551178525107814e+18,3104833536.0,2.520792437053839,2.896215470740154,2.9737541023222205,3.2273247404085326,2.520792437053839,2.896215470740154,2.9749717242218843,3.228321284214912
94288768,14680960,79607808,92683136,iso_token,trunc,39.997,3707043840,whole/trunc,True,896,1537736704.0,False,14680064,64,35f42ee,4,0.00203,3,0,8,8,0,13,80M_whole_r8_k4_s42,whole,8,80M,42,11313,2026-09-29 17:58:21,3707043840,2.6.0+cu124,1.1509754033854218e+19,3104833536.0,2.448000410870103,2.8625704270953145,2.9265176769829093,3.1734411286279895,2.448000410870103,2.8625704270953145,2.9271890877577107,3.1741354010482055
94288768,14680960,79607808,92683136,iso_flop,trunc,59.432,5508300800,whole/trunc,True,896,1537736704.0,False,14680064,64,35f42ee,4,0.00203,3,0,8,8,0,13,80M_whole_r8_k4_s42,whole,8,80M,42,16810,2026-09-30 08:09:28,5508300800,2.6.0+cu124,1.7102357050215629e+19,3104833536.0,2.7125451212855602,2.820972140938521,2.877560052002952,3.148520222115972,2.7125451212855602,2.820972140938521,2.87796538966171,3.1486622339882486
