N,N_once,N_rec,N_rung,accounting,backprop,budget_mult,budget_tokens,cell,compiled,d_model,deploy_flops_per_token,diverged,emb_in,executed_layers,git_commit,k_bwd,lr0,n_avg_points,n_coda,n_core,n_layers,n_prelude,n_spikes,name,placement,r,rung,seed,step,time,tokens_seen,torch_version,train_flops,train_flops_per_token,val_code,val_finemath,val_fwe,val_second,valavg_code,valavg_finemath,valavg_fwe,valavg_second
15406400,15406400,0,15406400,iso_token,full,4.998,77004800,dense/full,True,320,41287680.0,False,5242880,8,35f42ee,0,0.00219,3,0,0,8,8,0,10M_dense_r1_s42,dense,1,10M,42,940,2026-09-26 14:07:25,77004800,2.6.0+cu124,9538048622592000.0,123863040.0,4.10326633152584,4.367500388502043,4.227443846318747,4.5282280271634745,4.10326633152584,4.367500388502043,4.247806632562063,4.553201056071174
15406400,15406400,0,15406400,iso_token,full,9.996,154009600,dense/full,True,320,41287680.0,False,5242880,8,35f42ee,0,0.00219,3,0,0,8,8,0,10M_dense_r1_s42,dense,1,10M,42,1880,2026-09-26 14:11:21,154009600,2.6.0+cu124,1.9076097245184e+16,123863040.0,3.8076040092551464,3.870707530505609,3.8689274206846656,4.1492299196400415,3.8076040092551464,3.870707530505609,3.87557320754814,4.1568068854077564
15406400,15406400,0,15406400,iso_token,full,19.998,308101120,dense/full,True,320,41287680.0,False,5242880,8,35f42ee,0,0.00219,3,0,0,8,8,0,10M_dense_r1_s42,dense,1,10M,42,3761,2026-09-26 14:16:20,308101120,2.6.0+cu124,3.81623413506048e+16,123863040.0,3.510575176646441,3.612221856178528,3.662321568551028,3.9296269402160457,3.510575176646441,3.612221856178528,3.6649269783914504,3.932555699595442
15406400,15406400,0,15406400,iso_token,full,39.997,616202240,dense/full,True,320,41287680.0,False,5242880,8,35f42ee,0,0.00219,3,0,0,8,8,0,10M_dense_r1_s42,dense,1,10M,42,7522,2026-09-26 14:23:27,616202240,2.6.0+cu124,7.63246827012096e+16,123863040.0,3.359086434270226,3.4429066049345236,3.5326366781202085,3.7971209216414494,3.359086434270226,3.4429066049345236,3.5338649183152846,3.798882871843338
15406400,15406400,0,15406400,iso_token,full,79.998,1232486400,dense/full,True,320,41287680.0,False,5242880,8,35f42ee,0,0.00219,3,0,0,8,8,0,10M_dense_r1_s42,dense,1,10M,42,15045,2026-09-26 14:34:50,1232486400,2.6.0+cu124,1.52659512262656e+17,123863040.0,3.333655610818674,3.3535486760089905,3.4388015758320343,3.709540840582232,3.333655610818674,3.3535486760089905,3.4394249736779323,3.7106694885941938
15406400,15406400,0,15406400,iso_token,full,4.998,77004800,dense/full,True,320,41287680.0,False,5242880,8,35f42ee,0,0.00219,3,0,0,8,8,0,10M_dense_r1_s43,dense,1,10M,43,940,2026-09-26 14:08:20,77004800,2.6.0+cu124,9538048622592000.0,123863040.0,4.259527808259657,4.335539137332598,4.233864906233222,4.537773326003456,4.259527808259657,4.335539137332598,4.254476746030782,4.566633559745502
15406400,15406400,0,15406400,iso_token,full,9.996,154009600,dense/full,True,320,41287680.0,False,5242880,8,35f42ee,0,0.00219,3,0,0,8,8,0,10M_dense_r1_s43,dense,1,10M,43,1880,2026-09-26 14:12:15,154009600,2.6.0+cu124,1.9076097245184e+16,123863040.0,3.6025707111717047,3.7946748768433065,3.8610915376169928,4.112747370363606,3.6025707111717047,3.7946748768433065,3.8676217671924538,4.116606161129826
15406400,15406400,0,15406400,iso_token,full,19.998,308101120,dense/full,True,320,41287680.0,False,5242880,8,35f42ee,0,0.00219,3,0,0,8,8,0,10M_dense_r1_s43,dense,1,10M,43,3761,2026-09-26 14:17:14,308101120,2.6.0+cu124,3.81623413506048e+16,123863040.0,3.5623107562690866,3.558240492731725,3.657752836054291,3.9291159906705206,3.5623107562690866,3.558240492731725,3.660359186105454,3.932727733173611
15406400,15406400,0,15406400,iso_token,full,39.997,616202240,dense/full,True,320,41287680.0,False,5242880,8,35f42ee,0,0.00219,3,0,0,8,8,0,10M_dense_r1_s43,dense,1,10M,43,7522,2026-09-26 14:24:21,616202240,2.6.0+cu124,7.63246827012096e+16,123863040.0,3.214470765330777,3.4022642761555866,3.5302187438052965,3.78640423257574,3.214470765330777,3.4022642761555866,3.531371256020051,3.787692744438157
15406400,15406400,0,15406400,iso_token,full,79.998,1232486400,dense/full,True,320,41287680.0,False,5242880,8,35f42ee,0,0.00219,3,0,0,8,8,0,10M_dense_r1_s43,dense,1,10M,43,15045,2026-09-26 14:35:44,1232486400,2.6.0+cu124,1.52659512262656e+17,123863040.0,3.050762430972495,3.311526091489049,3.436884879030759,3.6824981012100704,3.050762430972495,3.311526091489049,3.4374909324116825,3.683719581269657
15406400,15406400,0,15406400,iso_token,full,4.998,77004800,dense/full,True,320,41287680.0,False,5242880,8,35f42ee,0,0.00219,3,0,0,8,8,0,10M_dense_r1_s44,dense,1,10M,44,940,2026-09-26 14:16:43,77004800,2.6.0+cu124,9538048622592000.0,123863040.0,4.104115293808573,4.2728357107053005,4.208311465425789,4.488186707798649,4.104115293808573,4.2728357107053005,4.228772673770023,4.510511379988372
15406400,15406400,0,15406400,iso_token,full,9.996,154009600,dense/full,True,320,41287680.0,False,5242880,8,35f42ee,0,0.00219,3,0,0,8,8,0,10M_dense_r1_s44,dense,1,10M,44,1880,2026-09-26 14:20:37,154009600,2.6.0+cu124,1.9076097245184e+16,123863040.0,3.441768290620448,3.8315516439342847,3.86429168112186,4.110816829710303,3.441768290620448,3.8315516439342847,3.870743889800972,4.117102089059735
15406400,15406400,0,15406400,iso_token,full,19.998,308101120,dense/full,True,320,41287680.0,False,5242880,8,35f42ee,0,0.00219,3,0,0,8,8,0,10M_dense_r1_s44,dense,1,10M,44,3761,2026-09-26 14:25:35,308101120,2.6.0+cu124,3.81623413506048e+16,123863040.0,3.5283811743874307,3.599226740646714,3.6625013181322807,3.9317851476506713,3.5283811743874307,3.599226740646714,3.665073464078953,3.935284908805036
15406400,15406400,0,15406400,iso_token,full,39.997,616202240,dense/full,True,320,41287680.0,False,5242880,8,35f42ee,0,0.00219,3,0,0,8,8,0,10M_dense_r1_s44,dense,1,10M,44,7522,2026-09-26 14:32:41,616202240,2.6.0+cu124,7.63246827012096e+16,123863040.0,3.1532255484086016,3.4324368138533266,3.534135886626151,3.787324228873176,3.1532255484086016,3.4324368138533266,3.535326146255247,3.78924905794621
15406400,15406400,0,15406400,iso_token,full,79.998,1232486400,dense/full,True,320,41287680.0,False,5242880,8,35f42ee,0,0.00219,3,0,0,8,8,0,10M_dense_r1_s44,dense,1,10M,44,15045,2026-09-26 14:44:01,1232486400,2.6.0+cu124,1.52659512262656e+17,123863040.0,3.1163885938145284,3.3713095531040764,3.441192467753498,3.698691387829842,3.1163885938145284,3.3713095531040764,3.4418048828955,3.6996550357521
15611200,10324800,5286400,15406400,iso_token,full,9.996,154009600,middle/full,True,320,57507840.0,False,5242880,12,35f42ee,0,0.00219,3,2,4,8,2,0,10M_middle_r2_full_s42,middle,2,10M,42,1880,2026-09-26 16:07:40,154009600,2.6.0+cu124,2.6570278305792e+16,172523520.0,3.759037282425262,3.9195323320743976,3.9674014623094624,4.21940710496856,3.759037282425262,3.9195323320743976,3.975091770447172,4.226207790080481
15611200,10324800,5286400,15406400,iso_token,full,19.998,308101120,middle/full,True,320,57507840.0,False,5242880,12,35f42ee,0,0.00219,3,2,4,8,2,0,10M_middle_r2_full_s42,middle,2,10M,42,3761,2026-09-26 16:13:55,308101120,2.6.0+cu124,5.31546897383424e+16,172523520.0,3.7945958788350618,3.686643744264536,3.7224652979096,4.010042743659423,3.7945958788350618,3.686643744264536,3.7253241780994273,4.014016463557869
15611200,10324800,5286400,15406400,iso_token,full,39.997,616202240,middle/full,True,320,57507840.0,False,5242880,12,35f42ee,0,0.00219,3,2,4,8,2,0,10M_middle_r2_full_s42,middle,2,10M,42,7522,2026-09-26 16:22:57,616202240,2.6.0+cu124,1.063093794766848e+17,172523520.0,3.379441731097322,3.5353460246459125,3.567710549608538,3.847149614608817,3.379441731097322,3.5353460246459125,3.569094018677563,3.848888464063356
15611200,10324800,5286400,15406400,iso_token,full,9.996,154009600,middle/full,True,320,57507840.0,False,5242880,12,35f42ee,0,0.00219,3,2,4,8,2,0,10M_middle_r2_full_s43,middle,2,10M,43,1880,2026-09-26 16:09:26,154009600,2.6.0+cu124,2.6570278305792e+16,172523520.0,4.035583124653448,3.934947822483495,3.976703419169347,4.256004185325252,4.035583124653448,3.934947822483495,3.984260437727554,4.259667950898209
15611200,10324800,5286400,15406400,iso_token,full,19.998,308101120,middle/full,True,320,57507840.0,False,5242880,12,35f42ee,0,0.00219,3,2,4,8,2,0,10M_middle_r2_full_s43,middle,2,10M,43,3761,2026-09-26 16:15:38,308101120,2.6.0+cu124,5.31546897383424e+16,172523520.0,3.737667699397529,3.665757708441832,3.7241901303915776,4.005200545253503,3.737667699397529,3.665757708441832,3.7271589138054657,4.00808888741634
15611200,10324800,5286400,15406400,iso_token,full,39.997,616202240,middle/full,True,320,57507840.0,False,5242880,12,35f42ee,0,0.00219,3,2,4,8,2,0,10M_middle_r2_full_s43,middle,2,10M,43,7522,2026-09-26 16:24:31,616202240,2.6.0+cu124,1.063093794766848e+17,172523520.0,3.3427848696043387,3.5293206726190625,3.566190361517638,3.834171002620767,3.3427848696043387,3.5293206726190625,3.567538817873332,3.836024293074656
15611200,10324800,5286400,15406400,iso_token,full,9.996,154009600,middle/full,True,320,57507840.0,False,5242880,12,35f42ee,0,0.00219,3,2,4,8,2,0,10M_middle_r2_full_s44,middle,2,10M,44,1880,2026-09-26 16:50:10,154009600,2.6.0+cu124,2.6570278305792e+16,172523520.0,3.9474819587261023,3.9355869523440448,3.968487081143334,4.243929592782186,3.9474819587261023,3.9355869523440448,3.976062941774517,4.248432950124053
15611200,10324800,5286400,15406400,iso_token,full,19.998,308101120,middle/full,True,320,57507840.0,False,5242880,12,35f42ee,0,0.00219,3,2,4,8,2,0,10M_middle_r2_full_s44,middle,2,10M,44,3761,2026-09-26 16:56:28,308101120,2.6.0+cu124,5.31546897383424e+16,172523520.0,3.964477573584426,3.6686185665696054,3.722159916170792,4.024076693997113,3.964477573584426,3.6686185665696054,3.7250270822412057,4.028425779841193
15611200,10324800,5286400,15406400,iso_token,full,39.997,616202240,middle/full,True,320,57507840.0,False,5242880,12,35f42ee,0,0.00219,3,2,4,8,2,0,10M_middle_r2_full_s44,middle,2,10M,44,7522,2026-09-26 17:05:27,616202240,2.6.0+cu124,1.063093794766848e+17,172523520.0,3.9792646141036623,3.515055286872711,3.566176148200002,3.8877025841140727,3.9792646141036623,3.515055286872711,3.567551032618143,3.888949893028032
15611200,10324800,5286400,15406400,iso_token,full,9.996,154009600,middle/full,True,320,89128960.0,False,5242880,20,35f42ee,0,0.00219,3,2,4,8,2,0,10M_middle_r4_full_s42,middle,4,10M,42,1880,2026-09-26 15:12:43,154009600,2.6.0+cu124,4.1180146434048e+16,267386880.0,3.6276875757828058,3.903705731276134,3.950993915188954,4.203456839599109,3.6276875757828058,3.903705731276134,3.958845466883979,4.211804211639156
15611200,10324800,5286400,15406400,iso_token,full,19.998,308101120,middle/full,True,320,89128960.0,False,5242880,20,35f42ee,0,0.00219,3,2,4,8,2,0,10M_middle_r4_full_s42,middle,4,10M,42,3761,2026-09-26 15:21:24,308101120,2.6.0+cu124,8.23821972013056e+16,267386880.0,3.3889672050253417,3.639318891680251,3.706071085100571,3.9624118926271086,3.3889672050253417,3.639318891680251,3.708984447747582,3.9653950156906417
15611200,10324800,5286400,15406400,iso_token,full,39.997,616202240,middle/full,True,320,89128960.0,False,5242880,20,35f42ee,0,0.00219,3,2,4,8,2,0,10M_middle_r4_full_s42,middle,4,10M,42,7522,2026-09-26 15:33:54,616202240,2.6.0+cu124,1.647643944026112e+17,267386880.0,3.157819500875744,3.4831114529183944,3.5476426469261138,3.804891795608148,3.157819500875744,3.4831114529183944,3.5490515149013055,3.806341458809019
15611200,10324800,5286400,15406400,iso_token,full,9.996,154009600,middle/full,True,320,89128960.0,False,5242880,20,35f42ee,0,0.00219,3,2,4,8,2,0,10M_middle_r4_full_s43,middle,4,10M,43,1880,2026-09-26 15:13:50,154009600,2.6.0+cu124,4.1180146434048e+16,267386880.0,3.679221765230001,3.907054662326045,3.962264023063868,4.213065988279806,3.679221765230001,3.907054662326045,3.969964642276151,4.22229224161348
15611200,10324800,5286400,15406400,iso_token,full,19.998,308101120,middle/full,True,320,89128960.0,False,5242880,20,35f42ee,0,0.00219,3,2,4,8,2,0,10M_middle_r4_full_s43,middle,4,10M,43,3761,2026-09-26 15:22:30,308101120,2.6.0+cu124,8.23821972013056e+16,267386880.0,3.559175367527712,3.659489536802985,3.713784036701196,3.979348279920678,3.559175367527712,3.659489536802985,3.7167862623296024,3.9826592540475665
15611200,10324800,5286400,15406400,iso_token,full,39.997,616202240,middle/full,True,320,89128960.0,False,5242880,20,35f42ee,0,0.00219,3,2,4,8,2,0,10M_middle_r4_full_s43,middle,4,10M,43,7522,2026-09-26 15:35:02,616202240,2.6.0+cu124,1.647643944026112e+17,267386880.0,3.42152240613133,3.4966300927782736,3.5481171183556044,3.8147411880133784,3.42152240613133,3.4966300927782736,3.549497974970024,3.816237659634035
15611200,10324800,5286400,15406400,iso_token,full,9.996,154009600,middle/full,True,320,89128960.0,False,5242880,20,35f42ee,0,0.00219,3,2,4,8,2,0,10M_middle_r4_full_s44,middle,4,10M,44,1880,2026-09-26 15:21:31,154009600,2.6.0+cu124,4.1180146434048e+16,267386880.0,3.5681952969232382,3.906620939440407,3.9667871154047023,4.206235381805074,3.5681952969232382,3.906620939440407,3.974197692390103,4.21456523911898
15611200,10324800,5286400,15406400,iso_token,full,19.998,308101120,middle/full,True,320,89128960.0,False,5242880,20,35f42ee,0,0.00219,3,2,4,8,2,0,10M_middle_r4_full_s44,middle,4,10M,44,3761,2026-09-26 15:30:09,308101120,2.6.0+cu124,8.23821972013056e+16,267386880.0,3.710557784519525,3.664147863385132,3.714985166572964,3.9947620762162943,3.710557784519525,3.664147863385132,3.717909250243514,3.9986191600840377
15611200,10324800,5286400,15406400,iso_token,full,39.997,616202240,middle/full,True,320,89128960.0,False,5242880,20,35f42ee,0,0.00219,3,2,4,8,2,0,10M_middle_r4_full_s44,middle,4,10M,44,7522,2026-09-26 15:42:35,616202240,2.6.0+cu124,1.647643944026112e+17,267386880.0,3.93798667497944,3.508771662338313,3.554093434670599,3.8759786910550775,3.93798667497944,3.508771662338313,3.5554580678059864,3.8771177408399926
15611200,10324800,5286400,15406400,iso_token,trunc,9.996,154009600,middle/trunc,True,320,89128960.0,False,5242880,20,35f42ee,2,0.00219,3,2,4,8,2,1,10M_middle_r4_k2_s42,middle,4,10M,42,1880,2026-09-26 12:35:10,154009600,2.6.0+cu124,3.1440234348544e+16,204144640.0,3.556150698099053,3.8987071757907175,3.95287527057163,4.19575551865892,3.556150698099053,3.8987071757907175,3.9603120358206865,4.2021063794258495
15611200,10324800,5286400,15406400,iso_flop,trunc,13.096,201768960,middle/trunc,True,320,89128960.0,False,5242880,20,35f42ee,2,0.00219,3,2,4,8,2,1,10M_middle_r4_k2_s42,middle,4,10M,42,2463,2026-09-26 12:42:08,201768960,2.6.0+cu124,4.11900517023744e+16,204144640.0,3.2834062508421984,3.796132147205351,3.84743577199417,4.090238144989662,3.2834062508421984,3.796132147205351,3.852370007627115,4.096597719776008
15611200,10324800,5286400,15406400,iso_token,trunc,19.998,308101120,middle/trunc,True,320,89128960.0,False,5242880,20,35f42ee,2,0.00219,3,2,4,8,2,1,10M_middle_r4_k2_s42,middle,4,10M,42,3761,2026-09-26 12:50:10,308101120,2.6.0+cu124,6.28971922259968e+16,204144640.0,3.2218507051675416,3.6639324926474295,3.710695682017665,3.9599283176732865,3.2218507051675416,3.6639324926474295,3.713717087382671,3.9631960623080342
15611200,10324800,5286400,15406400,iso_flop,trunc,26.193,403537920,middle/trunc,True,320,89128960.0,False,5242880,20,35f42ee,2,0.00219,3,2,4,8,2,1,10M_middle_r4_k2_s42,middle,4,10M,42,4926,2026-09-26 12:59:09,403537920,2.6.0+cu124,8.23801034047488e+16,204144640.0,3.172079203639197,3.5923652401852304,3.645180747326775,3.89507709161812,3.172079203639197,3.5923652401852304,3.6475760857570183,3.8969762254485176
15611200,10324800,5286400,15406400,iso_token,trunc,39.997,616202240,middle/trunc,True,320,89128960.0,False,5242880,20,35f42ee,2,0.00219,3,2,4,8,2,1,10M_middle_r4_k2_s42,middle,4,10M,42,7522,2026-09-26 13:10:15,616202240,2.6.0+cu124,1.257943844519936e+17,204144640.0,3.0619490535557956,3.496835507455921,3.556640101033815,3.805127290333906,3.0619490535557956,3.496835507455921,3.558004103451443,3.806620569579716
15611200,10324800,5286400,15406400,iso_flop,trunc,52.391,807157760,middle/trunc,True,320,89128960.0,False,5242880,20,35f42ee,2,0.00219,3,2,4,8,2,1,10M_middle_r4_k2_s42,middle,4,10M,42,9853,2026-09-26 13:23:15,807157760,2.6.0+cu124,1.647769303384064e+17,204144640.0,3.032426131595012,3.462309275639783,3.517369880658301,3.7672494879199103,3.032426131595012,3.462309275639783,3.5179638182074267,3.767445814741162
15611200,10324800,5286400,15406400,iso_token,trunc,9.996,154009600,middle/trunc,True,320,89128960.0,False,5242880,20,35f42ee,2,0.00219,3,2,4,8,2,11,10M_middle_r4_k2_s43,middle,4,10M,43,1880,2026-09-26 12:51:48,154009600,2.6.0+cu124,3.1440234348544e+16,204144640.0,3.5715636874019174,3.971501414222008,3.989003669388456,4.23777067534941,3.5715636874019174,3.971501414222008,3.9966491166886655,4.244846246857481
15611200,10324800,5286400,15406400,iso_flop,trunc,13.096,201768960,middle/trunc,True,320,89128960.0,False,5242880,20,35f42ee,2,0.00219,3,2,4,8,2,11,10M_middle_r4_k2_s43,middle,4,10M,43,2463,2026-09-26 12:58:37,201768960,2.6.0+cu124,4.11900517023744e+16,204144640.0,3.5533862464787207,3.839049588369887,3.878804573528771,4.13380875916325,3.5533862464787207,3.839049588369887,3.883655488082528,4.1404357823355005
15611200,10324800,5286400,15406400,iso_token,trunc,19.998,308101120,middle/trunc,True,320,89128960.0,False,5242880,20,35f42ee,2,0.00219,3,2,4,8,2,11,10M_middle_r4_k2_s43,middle,4,10M,43,3761,2026-09-26 13:06:29,308101120,2.6.0+cu124,6.28971922259968e+16,204144640.0,3.7460943015451456,3.7093511659742218,3.761364449522678,4.0503693221443156,3.7460943015451456,3.7093511659742218,3.7644527164195263,4.053307954290058
15611200,10324800,5286400,15406400,iso_flop,trunc,26.193,403537920,middle/trunc,True,320,89128960.0,False,5242880,20,35f42ee,2,0.00219,3,2,4,8,2,11,10M_middle_r4_k2_s43,middle,4,10M,43,4926,2026-09-26 13:15:16,403537920,2.6.0+cu124,8.23801034047488e+16,204144640.0,3.745423571255696,3.6489488016374345,3.6985691758761527,3.992431624804485,3.745423571255696,3.6489488016374345,3.7009178324290786,3.99369118186106
15611200,10324800,5286400,15406400,iso_token,trunc,39.997,616202240,middle/trunc,True,320,89128960.0,False,5242880,20,35f42ee,2,0.00219,3,2,4,8,2,11,10M_middle_r4_k2_s43,middle,4,10M,43,7522,2026-09-26 13:26:09,616202240,2.6.0+cu124,1.257943844519936e+17,204144640.0,3.635796041070185,3.539646391799987,3.595643563343616,3.8972596113268336,3.635796041070185,3.539646391799987,3.596974305064117,3.8986447962040103
15611200,10324800,5286400,15406400,iso_flop,trunc,52.391,807157760,middle/trunc,True,320,89128960.0,False,5242880,20,35f42ee,2,0.00219,3,2,4,8,2,11,10M_middle_r4_k2_s43,middle,4,10M,43,9853,2026-09-26 13:38:52,807157760,2.6.0+cu124,1.647769303384064e+17,204144640.0,3.7654948291931887,3.5341132501872,3.5559652224897196,3.876190331874432,3.7654948291931887,3.5341132501872,3.5569856510134747,3.877020703054127
15611200,10324800,5286400,15406400,iso_token,trunc,9.996,154009600,middle/trunc,True,320,89128960.0,False,5242880,20,35f42ee,2,0.00219,3,2,4,8,2,5,10M_middle_r4_k2_s44,middle,4,10M,44,1880,2026-09-26 14:02:37,154009600,2.6.0+cu124,3.1440234348544e+16,204144640.0,3.778444421412813,3.942877871497888,3.979656079169563,4.23608344452434,3.778444421412813,3.942877871497888,3.9871970549067526,4.241660491366269
15611200,10324800,5286400,15406400,iso_flop,trunc,13.096,201768960,middle/trunc,True,320,89128960.0,False,5242880,20,35f42ee,2,0.00219,3,2,4,8,2,5,10M_middle_r4_k2_s44,middle,4,10M,44,2463,2026-09-26 14:09:35,201768960,2.6.0+cu124,4.11900517023744e+16,204144640.0,3.6916280162175137,3.8541235934021127,3.8970131576427463,4.156506465392132,3.6916280162175137,3.8541235934021127,3.901669497896311,4.16305836243187
15611200,10324800,5286400,15406400,iso_token,trunc,19.998,308101120,middle/trunc,True,320,89128960.0,False,5242880,20,35f42ee,2,0.00219,3,2,4,8,2,5,10M_middle_r4_k2_s44,middle,4,10M,44,3761,2026-09-26 14:17:38,308101120,2.6.0+cu124,6.28971922259968e+16,204144640.0,3.5334314401538793,3.6882389861191784,3.749627523069897,4.0109951484283295,3.5334314401538793,3.6882389861191784,3.752474689766195,4.0137773768224285
15611200,10324800,5286400,15406400,iso_flop,trunc,26.193,403537920,middle/trunc,True,320,89128960.0,False,5242880,20,35f42ee,2,0.00219,3,2,4,8,2,5,10M_middle_r4_k2_s44,middle,4,10M,44,4926,2026-09-26 14:26:37,403537920,2.6.0+cu124,8.23801034047488e+16,204144640.0,3.4522267110849096,3.619969594387664,3.6919960423106497,3.951534069858262,3.4522267110849096,3.619969594387664,3.6944398557803537,3.952065922035436
15611200,10324800,5286400,15406400,iso_token,trunc,39.997,616202240,middle/trunc,True,320,89128960.0,False,5242880,20,35f42ee,2,0.00219,3,2,4,8,2,5,10M_middle_r4_k2_s44,middle,4,10M,44,7522,2026-09-26 14:37:43,616202240,2.6.0+cu124,1.257943844519936e+17,204144640.0,3.338033249872473,3.4955076183764215,3.5849657720240953,3.847080484475904,3.338033249872473,3.4955076183764215,3.586253369454459,3.8487604449442423
15611200,10324800,5286400,15406400,iso_flop,trunc,52.391,807157760,middle/trunc,True,320,89128960.0,False,5242880,20,35f42ee,2,0.00219,3,2,4,8,2,5,10M_middle_r4_k2_s44,middle,4,10M,44,9853,2026-09-26 14:50:41,807157760,2.6.0+cu124,1.647769303384064e+17,204144640.0,3.2933262485212937,3.4565057193108046,3.532873561011785,3.794133606865734,3.2933262485212937,3.4565057193108046,3.5336121043412576,3.794734451914136
15611200,5243200,10368000,15406400,iso_token,full,9.996,154009600,whole/full,True,320,72908800.0,False,5242880,16,35f42ee,0,0.00219,3,0,8,8,0,0,10M_whole_r2_full_s42,whole,2,10M,42,1880,2026-09-26 15:22:38,154009600,2.6.0+cu124,3.368596537344e+16,218726400.0,3.7770293246130504,4.067122585218896,4.075616519007976,4.336492256807919,3.7770293246130504,4.067122585218896,4.084145603667953,4.344057091593533
15611200,5243200,10368000,15406400,iso_token,full,19.998,308101120,whole/full,True,320,72908800.0,False,5242880,16,35f42ee,0,0.00219,3,0,8,8,0,0,10M_whole_r2_full_s42,whole,2,10M,42,3761,2026-09-26 15:30:03,308101120,2.6.0+cu124,6.7389848813568e+16,218726400.0,3.408047081889367,3.737519754852471,3.799754893446746,4.049032203881741,3.408047081889367,3.737519754852471,3.802917951335841,4.052733798291772
15611200,5243200,10368000,15406400,iso_token,full,39.997,616202240,whole/full,True,320,72908800.0,False,5242880,16,35f42ee,0,0.00219,3,0,8,8,0,0,10M_whole_r2_full_s42,whole,2,10M,42,7522,2026-09-26 15:40:41,616202240,2.6.0+cu124,1.34779697627136e+17,218726400.0,3.1984602494464665,3.568830319162851,3.632055753218978,3.884377851518433,3.1984602494464665,3.568830319162851,3.633468753522457,3.8861926670088134
15611200,5243200,10368000,15406400,iso_token,full,9.996,154009600,whole/full,True,320,72908800.0,False,5242880,16,35f42ee,0,0.00219,3,0,8,8,0,0,10M_whole_r2_full_s43,whole,2,10M,43,1880,2026-09-26 16:05:37,154009600,2.6.0+cu124,3.368596537344e+16,218726400.0,3.7781440531882167,4.123109713328745,4.121917588710589,4.378685201980156,3.7781440531882167,4.123109713328745,4.130171168068919,4.38769179357475
15611200,5243200,10368000,15406400,iso_token,full,19.998,308101120,whole/full,True,320,72908800.0,False,5242880,16,35f42ee,0,0.00219,3,0,8,8,0,0,10M_whole_r2_full_s43,whole,2,10M,43,3761,2026-09-26 16:12:55,308101120,2.6.0+cu124,6.7389848813568e+16,218726400.0,3.4032609880345923,3.7479386429261528,3.829095853637729,4.0725118951688595,3.4032609880345923,3.7479386429261528,3.832172491220953,4.0755302101216495
15611200,5243200,10368000,15406400,iso_token,full,39.997,616202240,whole/full,True,320,72908800.0,False,5242880,16,35f42ee,0,0.00219,3,0,8,8,0,0,10M_whole_r2_full_s43,whole,2,10M,43,7522,2026-09-26 16:23:25,616202240,2.6.0+cu124,1.34779697627136e+17,218726400.0,3.21191969973036,3.577805957866944,3.6552069240875382,3.90444099504542,3.21191969973036,3.577805957866944,3.656582467804243,3.9062757417235368
15611200,5243200,10368000,15406400,iso_token,full,9.996,154009600,whole/full,True,320,72908800.0,False,5242880,16,35f42ee,0,0.00219,3,0,8,8,0,0,10M_whole_r2_full_s44,whole,2,10M,44,1880,2026-09-26 16:06:40,154009600,2.6.0+cu124,3.368596537344e+16,218726400.0,3.793160299644218,4.1812861909466426,4.137911892195069,4.4048270891109595,3.793160299644218,4.1812861909466426,4.146480018244055,4.412548426257877
15611200,5243200,10368000,15406400,iso_token,full,19.998,308101120,whole/full,True,320,72908800.0,False,5242880,16,35f42ee,0,0.00219,3,0,8,8,0,0,10M_whole_r2_full_s44,whole,2,10M,44,3761,2026-09-26 16:13:59,308101120,2.6.0+cu124,6.7389848813568e+16,218726400.0,3.4399155347518526,3.7596846495738663,3.822201171885782,4.075756323196562,3.4399155347518526,3.7596846495738663,3.825403250656019,4.079832805461798
15611200,5243200,10368000,15406400,iso_token,full,39.997,616202240,whole/full,True,320,72908800.0,False,5242880,16,35f42ee,0,0.00219,3,0,8,8,0,0,10M_whole_r2_full_s44,whole,2,10M,44,7522,2026-09-26 16:24:29,616202240,2.6.0+cu124,1.34779697627136e+17,218726400.0,3.323464355944342,3.60162975068991,3.6464872236010426,3.9086669322795062,3.323464355944342,3.60162975068991,3.6478974143530576,3.909937206164338
15611200,5243200,10368000,15406400,iso_token,full,9.996,154009600,whole/full,True,320,135331840.0,False,5242880,32,35f42ee,0,0.00219,3,0,8,8,0,0,10M_whole_r4_full_s42,whole,4,10M,42,1880,2026-09-26 11:38:38,154009600,2.6.0+cu124,6.2527207636992e+16,405995520.0,3.7659765224682378,4.180633378830882,4.1449676709609875,4.409988026679749,3.7659765224682378,4.180633378830882,4.154496494964152,4.418989625404445
15611200,5243200,10368000,15406400,iso_token,full,19.998,308101120,whole/full,True,320,135331840.0,False,5242880,32,35f42ee,0,0.00219,3,0,8,8,0,0,10M_whole_r4_full_s42,whole,4,10M,42,3761,2026-09-26 11:52:28,308101120,2.6.0+cu124,1.250876744269824e+17,405995520.0,3.2810741186471564,3.7353668441165033,3.8028501537143624,4.041987113582515,3.2810741186471564,3.7353668441165033,3.806151833143224,4.0451078727421
15611200,5243200,10368000,15406400,iso_token,full,39.997,616202240,whole/full,True,320,135331840.0,False,5242880,32,35f42ee,0,0.00219,3,0,8,8,0,0,10M_whole_r4_full_s42,whole,4,10M,42,7522,2026-09-26 12:13:15,616202240,2.6.0+cu124,2.501753488539648e+17,405995520.0,2.9660353581236776,3.4966908973407516,3.6032537082748055,3.833409988961335,2.9660353581236776,3.4966908973407516,3.60465739809872,3.835008426262967
15611200,5243200,10368000,15406400,iso_token,full,9.996,154009600,whole/full,True,320,135331840.0,False,5242880,32,35f42ee,0,0.00219,3,0,8,8,0,0,10M_whole_r4_full_s43,whole,4,10M,43,1880,2026-09-26 12:54:22,154009600,2.6.0+cu124,6.2527207636992e+16,405995520.0,4.238478644274694,4.148763255732173,4.12603672159932,4.426101678198161,4.238478644274694,4.148763255732173,4.135476353668424,4.431231173494372
15611200,5243200,10368000,15406400,iso_token,full,19.998,308101120,whole/full,True,320,135331840.0,False,5242880,32,35f42ee,0,0.00219,3,0,8,8,0,0,10M_whole_r4_full_s43,whole,4,10M,43,3761,2026-09-26 13:08:17,308101120,2.6.0+cu124,1.250876744269824e+17,405995520.0,3.385943523744096,3.672027581994554,3.777888918778445,4.02225164148605,3.385943523744096,3.672027581994554,3.781112555045276,4.024388863805061
15611200,5243200,10368000,15406400,iso_token,full,39.997,616202240,whole/full,True,320,135331840.0,False,5242880,32,35f42ee,0,0.00219,3,0,8,8,0,0,10M_whole_r4_full_s43,whole,4,10M,43,7522,2026-09-26 13:29:11,616202240,2.6.0+cu124,2.501753488539648e+17,405995520.0,2.985106870232197,3.4487261602353785,3.5826248673009102,3.811498309004527,2.985106870232197,3.4487261602353785,3.584021969380096,3.813137101107368
15611200,5243200,10368000,15406400,iso_token,full,9.996,154009600,whole/full,True,320,135331840.0,False,5242880,32,35f42ee,0,0.00219,3,0,8,8,0,0,10M_whole_r4_full_s44,whole,4,10M,44,1880,2026-09-26 12:55:25,154009600,2.6.0+cu124,6.2527207636992e+16,405995520.0,3.9508002195592167,4.120749718740931,4.133089181802055,4.398847391501494,3.9508002195592167,4.120749718740931,4.142205748343591,4.406658161197771
15611200,5243200,10368000,15406400,iso_token,full,19.998,308101120,whole/full,True,320,135331840.0,False,5242880,32,35f42ee,0,0.00219,3,0,8,8,0,0,10M_whole_r4_full_s44,whole,4,10M,44,3761,2026-09-26 13:09:19,308101120,2.6.0+cu124,1.250876744269824e+17,405995520.0,3.2438122510946656,3.6534618975398274,3.777183096991072,4.004890830058679,3.2438122510946656,3.6534618975398274,3.780268407981916,4.007687315699074
15611200,5243200,10368000,15406400,iso_token,full,39.997,616202240,whole/full,True,320,135331840.0,False,5242880,32,35f42ee,0,0.00219,3,0,8,8,0,0,10M_whole_r4_full_s44,whole,4,10M,44,7522,2026-09-26 13:30:12,616202240,2.6.0+cu124,2.501753488539648e+17,405995520.0,2.9412248682471613,3.4134061723973463,3.577939089328756,3.797228825964519,2.9412248682471613,3.4134061723973463,3.579309969127271,3.798691625299515
15611200,5243200,10368000,15406400,iso_token,trunc,9.996,154009600,whole/trunc,True,320,135331840.0,False,5242880,32,35f42ee,2,0.00219,3,0,8,8,0,4,10M_whole_r4_k2_s42,whole,4,10M,42,1880,2026-09-26 08:45:09,154009600,2.6.0+cu124,4.3299712794624e+16,281149440.0,3.5007279912274676,3.841194818758524,3.8977703685460496,4.153392315374762,3.5007279912274676,3.841194818758524,3.905305072613538,4.161322428598961
15611200,5243200,10368000,15406400,iso_flop,trunc,14.436,222412800,whole/trunc,True,320,135331840.0,False,5242880,32,35f42ee,2,0.00219,3,0,8,8,0,4,10M_whole_r4_k2_s42,whole,4,10M,42,2715,2026-09-26 08:55:14,222412800,2.6.0+cu124,6.2531234168832e+16,281149440.0,3.950780300969298,3.7524660201148623,3.828337843572223,4.119553467467001,3.950780300969298,3.7524660201148623,3.8327513861013607,4.115856595871328
15611200,5243200,10368000,15406400,iso_token,trunc,19.998,308101120,whole/trunc,True,320,135331840.0,False,5242880,32,35f42ee,2,0.00219,3,0,8,8,0,4,10M_whole_r4_k2_s42,whole,4,10M,42,3761,2026-09-26 09:06:37,308101120,2.6.0+cu124,8.66224573513728e+16,281149440.0,3.552638231215649,3.5572458944906136,3.6873118051236897,3.953980586708346,3.552638231215649,3.5572458944906136,3.6902340949159496,3.956688347173344
15611200,5243200,10368000,15406400,iso_flop,trunc,28.878,444907520,whole/trunc,True,320,135331840.0,False,5242880,32,35f42ee,2,0.00219,3,0,8,8,0,4,10M_whole_r4_k2_s42,whole,4,10M,42,5431,2026-09-26 09:20:02,444907520,2.6.0+cu124,1.250855000997888e+17,281149440.0,3.1571669467344767,3.461860260016895,3.593787330290878,3.835048438668843,3.1571669467344767,3.461860260016895,3.5954985336624445,3.836519819229402
15611200,5243200,10368000,15406400,iso_token,trunc,39.997,616202240,whole/trunc,True,320,135331840.0,False,5242880,32,35f42ee,2,0.00219,3,0,8,8,0,4,10M_whole_r4_k2_s42,whole,4,10M,42,7522,2026-09-26 09:36:01,616202240,2.6.0+cu124,1.732449147027456e+17,281149440.0,3.744720828679049,3.499722307419656,3.589015236726662,3.8847920981415904,3.744720828679049,3.499722307419656,3.5906347936005925,3.8880675131341222
15611200,5243200,10368000,15406400,iso_flop,trunc,57.762,889896960,whole/trunc,True,320,135331840.0,False,5242880,32,35f42ee,2,0.00219,3,0,8,8,0,4,10M_whole_r4_k2_s42,whole,4,10M,42,10863,2026-09-26 09:56:06,889896960,2.6.0+cu124,2.501940319617024e+17,281149440.0,3.856471225453756,3.4633286602821447,3.530481231625703,3.839543747893371,3.856471225453756,3.4633286602821447,3.5313223515849597,3.8395677653028457
15611200,5243200,10368000,15406400,iso_token,trunc,9.996,154009600,whole/trunc,True,320,135331840.0,False,5242880,32,35f42ee,2,0.00219,3,0,8,8,0,1,10M_whole_r4_k2_s43,whole,4,10M,43,1880,2026-09-26 08:50:43,154009600,2.6.0+cu124,4.3299712794624e+16,281149440.0,3.6798934511957455,3.8497315569350223,3.873671810701398,4.14118151051689,3.6798934511957455,3.8497315569350223,3.8816315259285297,4.150782383033708
15611200,5243200,10368000,15406400,iso_flop,trunc,14.436,222412800,whole/trunc,True,320,135331840.0,False,5242880,32,35f42ee,2,0.00219,3,0,8,8,0,1,10M_whole_r4_k2_s43,whole,4,10M,43,2715,2026-09-26 09:00:58,222412800,2.6.0+cu124,6.2531234168832e+16,281149440.0,3.421910505679082,3.708639362576029,3.742491584235487,4.0029528040800715,3.421910505679082,3.708639362576029,3.747055443386414,4.003896020450116
15611200,5243200,10368000,15406400,iso_token,trunc,19.998,308101120,whole/trunc,True,320,135331840.0,False,5242880,32,35f42ee,2,0.00219,3,0,8,8,0,1,10M_whole_r4_k2_s43,whole,4,10M,43,3761,2026-09-26 09:12:32,308101120,2.6.0+cu124,8.66224573513728e+16,281149440.0,3.991917397812223,3.6633592824416863,3.686881933984157,4.00005910014613,3.991917397812223,3.6633592824416863,3.690795112693301,4.0000837182265405
15611200,5243200,10368000,15406400,iso_flop,trunc,28.878,444907520,whole/trunc,True,320,135331840.0,False,5242880,32,35f42ee,2,0.00219,3,0,8,8,0,1,10M_whole_r4_k2_s43,whole,4,10M,43,5431,2026-09-26 09:26:09,444907520,2.6.0+cu124,1.250855000997888e+17,281149440.0,3.290183361783554,3.5852805518815916,3.630612355324661,3.892957051310218,3.290183361783554,3.5852805518815916,3.634021713401576,3.894988496217335
15611200,5243200,10368000,15406400,iso_token,trunc,39.997,616202240,whole/trunc,True,320,135331840.0,False,5242880,32,35f42ee,2,0.00219,3,0,8,8,0,1,10M_whole_r4_k2_s43,whole,4,10M,43,7522,2026-09-26 09:42:21,616202240,2.6.0+cu124,1.732449147027456e+17,281149440.0,3.5297404460341544,3.530390635667617,3.5835489756041277,3.8693642823061727,3.5297404460341544,3.530390635667617,3.5882568210546495,3.872084156410926
15611200,5243200,10368000,15406400,iso_flop,trunc,57.762,889896960,whole/trunc,True,320,135331840.0,False,5242880,32,35f42ee,2,0.00219,3,0,8,8,0,1,10M_whole_r4_k2_s43,whole,4,10M,43,10863,2026-09-26 10:02:41,889896960,2.6.0+cu124,2.501940319617024e+17,281149440.0,3.1159404030312996,3.4530542326391,3.5017733817273573,3.754499363292534,3.1159404030312996,3.4530542326391,3.502673097832714,3.753820155082881
15611200,5243200,10368000,15406400,iso_token,trunc,9.996,154009600,whole/trunc,True,320,135331840.0,False,5242880,32,35f42ee,2,0.00219,3,0,8,8,0,10,10M_whole_r4_k2_s44,whole,4,10M,44,1880,2026-09-26 09:20:37,154009600,2.6.0+cu124,4.3299712794624e+16,281149440.0,3.6979679144824695,3.854967507548941,3.923330256108269,4.187140459948669,3.6979679144824695,3.854967507548941,3.931782059977959,4.198994105693889
15611200,5243200,10368000,15406400,iso_flop,trunc,14.436,222412800,whole/trunc,True,320,135331840.0,False,5242880,32,35f42ee,2,0.00219,3,0,8,8,0,10,10M_whole_r4_k2_s44,whole,4,10M,44,2715,2026-09-26 09:30:41,222412800,2.6.0+cu124,6.2531234168832e+16,281149440.0,3.3177641541731657,3.751192616998896,3.824296205627974,4.068642654822271,3.3177641541731657,3.751192616998896,3.8296803289165378,4.074813984116393
15611200,5243200,10368000,15406400,iso_token,trunc,19.998,308101120,whole/trunc,True,320,135331840.0,False,5242880,32,35f42ee,2,0.00219,3,0,8,8,0,10,10M_whole_r4_k2_s44,whole,4,10M,44,3761,2026-09-26 09:42:03,308101120,2.6.0+cu124,8.66224573513728e+16,281149440.0,3.325628953914868,3.622929437376193,3.7359520403067545,3.9812934377532687,3.325628953914868,3.622929437376193,3.739233312053164,3.9853029289185056
15611200,5243200,10368000,15406400,iso_flop,trunc,28.878,444907520,whole/trunc,True,320,135331840.0,False,5242880,32,35f42ee,2,0.00219,3,0,8,8,0,10,10M_whole_r4_k2_s44,whole,4,10M,44,5431,2026-09-26 09:55:27,444907520,2.6.0+cu124,1.250855000997888e+17,281149440.0,3.870779014062201,3.5746940744313207,3.659787171340315,3.960305612407444,3.870779014062201,3.5746940744313207,3.661555014166774,3.963601052115114
15611200,5243200,10368000,15406400,iso_token,trunc,39.997,616202240,whole/trunc,True,320,135331840.0,False,5242880,32,35f42ee,2,0.00219,3,0,8,8,0,10,10M_whole_r4_k2_s44,whole,4,10M,44,7522,2026-09-26 10:11:23,616202240,2.6.0+cu124,1.732449147027456e+17,281149440.0,3.2888565813242017,3.5118775959175053,3.5917203544330136,3.854122234180613,3.2888565813242017,3.5118775959175053,3.5931433712204677,3.855406591550563
15611200,5243200,10368000,15406400,iso_flop,trunc,57.762,889896960,whole/trunc,True,320,135331840.0,False,5242880,32,35f42ee,2,0.00219,3,0,8,8,0,10,10M_whole_r4_k2_s44,whole,4,10M,44,10863,2026-09-26 10:31:20,889896960,2.6.0+cu124,2.501940319617024e+17,281149440.0,3.0182869661410376,3.442709526801572,3.523719998340383,3.764760491119345,3.0182869661410376,3.442709526801572,3.5246853139496124,3.765659759905376
179590400,179590400,0,179590400,iso_token,full,4.998,897581056,dense/full,True,1280,401080320.0,False,20971520,8,35f42ee,0,0.00156,3,0,0,8,8,0,160M_dense_r1_s42,dense,1,160M,42,1712,2026-10-01 09:19:36,897581056,2.6.0+cu124,1.0800062914992538e+18,1203240960.0,2.888797819556426,3.1382450686335583,3.15640314777487,3.432996843360572,2.888797819556426,3.1382450686335583,3.1635670396365696,3.440984488676976
179590400,179590400,0,179590400,iso_token,full,9.999,1795686400,dense/full,True,1280,401080320.0,False,20971520,8,35f42ee,0,0.00156,3,0,0,8,8,0,160M_dense_r1_s42,dense,1,160M,42,3425,2026-10-01 10:45:45,1795686400,2.6.0+cu124,2.160643427794944e+18,1203240960.0,2.8162669342275004,3.005334145608607,2.981654039245278,3.271287999000059,2.8162669342275004,3.005334145608607,2.984062796817947,3.273364038813929
179590400,179590400,0,179590400,iso_token,full,19.998,3591372800,dense/full,True,1280,401080320.0,False,20971520,8,35f42ee,0,0.00156,3,0,0,8,8,0,160M_dense_r1_s42,dense,1,160M,42,6850,2026-10-01 13:22:58,3591372800,2.6.0+cu124,4.321286855589888e+18,1203240960.0,2.761260923888361,2.9727308342188383,2.8655299527488665,3.1760248455496636,2.761260923888361,2.9727308342188383,2.8664361154592677,3.176558806848073
179590400,179590400,0,179590400,iso_token,full,39.998,7183269888,dense/full,True,1280,401080320.0,False,20971520,8,35f42ee,0,0.00156,3,0,0,8,8,0,160M_dense_r1_s42,dense,1,160M,42,13701,2026-10-01 18:21:32,7183269888,2.6.0+cu124,8.643204555976212e+18,1203240960.0,2.5383264132465464,2.8525314624393405,2.782663727740237,3.060383919789173,2.5383264132465464,2.8525314624393405,2.783027684707123,3.06059770493936
26844608,26844608,0,26844608,iso_token,full,5.0,134217728,dense/full,True,448,68354048.0,False,7340032,8,72d2e45,0,0.00153,3,0,0,8,8,0,20M_dense_r1_s42,dense,1,20M,42,1024,2026-10-07 02:30:01,134217728,2.6.0+cu124,2.752297506648883e+16,205062144.0,3.677728891409302,3.999033772690884,3.978259808622454,4.246360110831294,3.677728891409302,3.999033772690884,3.995525884431681,4.26247964838696
26844608,26844608,0,26844608,iso_token,full,10.0,268435456,dense/full,True,448,68354048.0,False,7340032,8,72d2e45,0,0.00153,3,0,0,8,8,0,20M_dense_r1_s42,dense,1,20M,42,2048,2026-10-07 02:36:26,268435456,2.6.0+cu124,5.504595013297766e+16,205062144.0,3.605772237746948,3.648575190202376,3.654977431585974,3.9394593971872176,3.605772237746948,3.648575190202376,3.6600416241987457,3.945250056703981
26844608,26844608,0,26844608,iso_token,full,19.999,536870912,dense/full,True,448,68354048.0,False,7340032,8,72d2e45,0,0.00153,3,0,0,8,8,0,20M_dense_r1_s42,dense,1,20M,42,4096,2026-10-07 02:45:22,536870912,2.6.0+cu124,1.1009190026595533e+17,205062144.0,3.18038001252627,3.40698519673962,3.4683242498280484,3.732298989271789,3.18038001252627,3.40698519673962,3.4703061780202744,3.7343097940953776
26844608,26844608,0,26844608,iso_token,full,39.998,1073741824,dense/full,True,448,68354048.0,False,7340032,8,72d2e45,0,0.00153,3,0,0,8,8,0,20M_dense_r1_s42,dense,1,20M,42,8192,2026-10-07 02:59:18,1073741824,2.6.0+cu124,2.2018380053191066e+17,205062144.0,3.027159526035488,3.3360165256575245,3.339948698237418,3.6132435222343697,3.027159526035488,3.3360165256575245,3.340596526855494,3.6141251490546753
26844608,26844608,0,26844608,iso_token,full,79.997,2147483648,dense/full,True,448,68354048.0,False,7340032,8,72d2e45,0,0.00153,3,0,0,8,8,0,20M_dense_r1_s42,dense,1,20M,42,16384,2026-10-07 03:23:15,2147483648,2.6.0+cu124,4.403676010638213e+17,205062144.0,3.295695996566471,3.2830866149515425,3.246985561365068,3.560655006987117,3.295695996566471,3.2830866149515425,3.2473153512327677,3.5611993696190214
26844608,26844608,0,26844608,iso_token,full,5.0,134217728,dense/full,True,448,68354048.0,False,7340032,8,72d2e45,0,0.00153,3,0,0,8,8,0,20M_dense_r1_s43,dense,1,20M,43,1024,2026-10-07 03:17:56,134217728,2.6.0+cu124,2.752297506648883e+16,205062144.0,3.975035377645217,3.9800178778225863,3.9416445302974976,4.230049514067374,3.975035377645217,3.9800178778225863,3.9580612900066945,4.23955860180746
26844608,26844608,0,26844608,iso_token,full,10.0,268435456,dense/full,True,448,68354048.0,False,7340032,8,72d2e45,0,0.00153,3,0,0,8,8,0,20M_dense_r1_s43,dense,1,20M,43,2048,2026-10-07 03:24:19,268435456,2.6.0+cu124,5.504595013297766e+16,205062144.0,3.548604203042002,3.5670483175324295,3.630961687195513,3.900808903168902,3.548604203042002,3.5670483175324295,3.6359662538613704,3.9102723672618542
26844608,26844608,0,26844608,iso_token,full,19.999,536870912,dense/full,True,448,68354048.0,False,7340032,8,72d2e45,0,0.00153,3,0,0,8,8,0,20M_dense_r1_s43,dense,1,20M,43,4096,2026-10-07 03:33:12,536870912,2.6.0+cu124,1.1009190026595533e+17,205062144.0,3.114497515226398,3.37204871403018,3.451668984827289,3.708335720408159,3.114497515226398,3.37204871403018,3.453631298893781,3.709990146667009
26844608,26844608,0,26844608,iso_token,full,39.998,1073741824,dense/full,True,448,68354048.0,False,7340032,8,72d2e45,0,0.00153,3,0,0,8,8,0,20M_dense_r1_s43,dense,1,20M,43,8192,2026-10-07 03:47:04,1073741824,2.6.0+cu124,2.2018380053191066e+17,205062144.0,2.975983550133387,3.259531503924637,3.3303189442297785,3.587870644641713,2.975983550133387,3.259531503924637,3.3309072259310923,3.588771119050272
26844608,26844608,0,26844608,iso_token,full,79.997,2147483648,dense/full,True,448,68354048.0,False,7340032,8,72d2e45,0,0.00153,3,0,0,8,8,0,20M_dense_r1_s43,dense,1,20M,43,16384,2026-10-07 04:10:54,2147483648,2.6.0+cu124,4.403676010638213e+17,205062144.0,2.734774447727677,3.158813948223811,3.244310311899242,3.4916567123831648,2.734774447727677,3.158813948223811,3.2446233996082987,3.492727406923015
26844608,26844608,0,26844608,iso_token,full,5.0,134217728,dense/full,True,448,68354048.0,False,7340032,8,72d2e45,0,0.00153,3,0,0,8,8,0,20M_dense_r1_s44,dense,1,20M,44,1024,2026-10-07 03:34:56,134217728,2.6.0+cu124,2.752297506648883e+16,205062144.0,3.921007118603032,3.9765970059592544,3.94463276605285,4.227207548222437,3.921007118603032,3.9765970059592544,3.960936948885308,4.24797920459443
26844608,26844608,0,26844608,iso_token,full,10.0,268435456,dense/full,True,448,68354048.0,False,7340032,8,72d2e45,0,0.00153,3,0,0,8,8,0,20M_dense_r1_s44,dense,1,20M,44,2048,2026-10-07 03:41:21,268435456,2.6.0+cu124,5.504595013297766e+16,205062144.0,3.5803247047431346,3.5982715678736272,3.6319746743004786,3.915150633312872,3.5803247047431346,3.5982715678736272,3.636988753712042,3.9220106602854425
26844608,26844608,0,26844608,iso_token,full,19.999,536870912,dense/full,True,448,68354048.0,False,7340032,8,72d2e45,0,0.00153,3,0,0,8,8,0,20M_dense_r1_s44,dense,1,20M,44,4096,2026-10-07 03:50:16,536870912,2.6.0+cu124,1.1009190026595533e+17,205062144.0,3.07212422990401,3.371769355534958,3.450691553926628,3.705833377819092,3.07212422990401,3.371769355534958,3.452655195822041,3.70770131938418
26844608,26844608,0,26844608,iso_token,full,39.998,1073741824,dense/full,True,448,68354048.0,False,7340032,8,72d2e45,0,0.00153,3,0,0,8,8,0,20M_dense_r1_s44,dense,1,20M,44,8192,2026-10-07 04:04:13,1073741824,2.6.0+cu124,2.2018380053191066e+17,205062144.0,2.804393413179048,3.233861851012259,3.32547706890489,3.5672086385908863,2.804393413179048,3.233861851012259,3.326119417749824,3.5678620722193224
26844608,26844608,0,26844608,iso_token,full,79.997,2147483648,dense/full,True,448,68354048.0,False,7340032,8,72d2e45,0,0.00153,3,0,0,8,8,0,20M_dense_r1_s44,dense,1,20M,44,16384,2026-10-07 04:28:10,2147483648,2.6.0+cu124,4.403676010638213e+17,205062144.0,2.755442935831688,3.155747658511435,3.236480190233037,3.4867112899142767,2.755442935831688,3.155747658511435,3.236822149402723,3.4873862291768716
27246016,17092544,10153472,26844608,iso_token,full,10.0,268435456,middle/full,True,448,96796672.0,False,7340032,12,72d2e45,0,0.00153,3,2,4,8,2,0,20M_middle_r2_full_s42,middle,2,20M,42,2048,2026-10-07 05:29:18,268435456,2.6.0+cu124,7.79509763628073e+16,290390016.0,3.067923823660782,3.6294884794618145,3.683450908325731,3.9251268836529194,3.067923823660782,3.6294884794618145,3.689229526523942,3.9326165074742057
27246016,17092544,10153472,26844608,iso_token,full,19.999,536870912,middle/full,True,448,96796672.0,False,7340032,12,72d2e45,0,0.00153,3,2,4,8,2,0,20M_middle_r2_full_s42,middle,2,20M,42,4096,2026-10-07 05:40:51,536870912,2.6.0+cu124,1.559019527256146e+17,290390016.0,3.0009846394100252,3.4094478921537226,3.473463636090346,3.7272253354374185,3.0009846394100252,3.4094478921537226,3.4757486027666835,3.728879719011803
27246016,17092544,10153472,26844608,iso_token,full,39.998,1073741824,middle/full,True,448,96796672.0,False,7340032,12,72d2e45,0,0.00153,3,2,4,8,2,0,20M_middle_r2_full_s42,middle,2,20M,42,8192,2026-10-07 05:58:58,1073741824,2.6.0+cu124,3.118039054512292e+17,290390016.0,2.874362396672662,3.3226034251734515,3.3291724199665516,3.590720154003616,2.874362396672662,3.3226034251734515,3.329887643750649,3.5909400571886567
27246016,17092544,10153472,26844608,iso_token,full,10.0,268435456,middle/full,True,448,96796672.0,False,7340032,12,72d2e45,0,0.00153,3,2,4,8,2,0,20M_middle_r2_full_s43,middle,2,20M,43,2048,2026-10-07 05:39:33,268435456,2.6.0+cu124,7.79509763628073e+16,290390016.0,3.4783349107239667,3.633845851105312,3.687910593492526,3.953394614925681,3.4783349107239667,3.633845851105312,3.693456203496579,3.961838262066864
27246016,17092544,10153472,26844608,iso_token,full,19.999,536870912,middle/full,True,448,96796672.0,False,7340032,12,72d2e45,0,0.00153,3,2,4,8,2,0,20M_middle_r2_full_s43,middle,2,20M,43,4096,2026-10-07 05:51:16,536870912,2.6.0+cu124,1.559019527256146e+17,290390016.0,3.2461672463020808,3.3981132508544936,3.4796075568578457,3.7469506789618543,3.2461672463020808,3.3981132508544936,3.4818801255792677,3.749520412240997
27246016,17092544,10153472,26844608,iso_token,full,39.998,1073741824,middle/full,True,448,96796672.0,False,7340032,12,72d2e45,0,0.00153,3,2,4,8,2,0,20M_middle_r2_full_s43,middle,2,20M,43,8192,2026-10-07 06:09:36,1073741824,2.6.0+cu124,3.118039054512292e+17,290390016.0,3.1375843519488456,3.2803516955939886,3.336063433291139,3.6095318147391624,3.1375843519488456,3.2803516955939886,3.336746423893762,3.61007849479168
27246016,17092544,10153472,26844608,iso_token,full,10.0,268435456,middle/full,True,448,96796672.0,False,7340032,12,72d2e45,0,0.00153,3,2,4,8,2,0,20M_middle_r2_full_s44,middle,2,20M,44,2048,2026-10-07 06:14:45,268435456,2.6.0+cu124,7.79509763628073e+16,290390016.0,3.5275374699112554,3.632337079632393,3.693551014396847,3.9568912813138697,3.5275374699112554,3.632337079632393,3.6994037291389112,3.963628325466329
27246016,17092544,10153472,26844608,iso_token,full,19.999,536870912,middle/full,True,448,96796672.0,False,7340032,12,72d2e45,0,0.00153,3,2,4,8,2,0,20M_middle_r2_full_s44,middle,2,20M,44,4096,2026-10-07 06:26:16,536870912,2.6.0+cu124,1.559019527256146e+17,290390016.0,3.4893558876811435,3.450067072552865,3.483169136873928,3.771598575912455,3.4893558876811435,3.450067072552865,3.4854797414544403,3.7735435675848783
27246016,17092544,10153472,26844608,iso_token,full,39.998,1073741824,middle/full,True,448,96796672.0,False,7340032,12,72d2e45,0,0.00153,3,2,4,8,2,0,20M_middle_r2_full_s44,middle,2,20M,44,8192,2026-10-07 06:44:17,1073741824,2.6.0+cu124,3.118039054512292e+17,290390016.0,3.5138703454359295,3.5085093623378065,3.3390346996866436,3.6827764480834575,3.5138703454359295,3.5085093623378065,3.339768203309204,3.6831542958276233
27246016,17092544,10153472,26844608,iso_token,full,10.0,268435456,middle/full,True,448,152076288.0,False,7340032,20,72d2e45,0,0.00153,3,2,4,8,2,0,20M_middle_r4_full_s42,middle,4,20M,42,2048,2026-10-07 01:09:13,268435456,2.6.0+cu124,1.2246800314820198e+17,456228864.0,3.201120035432645,3.5602675141487903,3.660310020432715,3.894029269893014,3.201120035432645,3.5602675141487903,3.6659720079026634,3.905857751135627
27246016,17092544,10153472,26844608,iso_token,full,19.999,536870912,middle/full,True,448,152076288.0,False,7340032,20,72d2e45,0,0.00153,3,2,4,8,2,0,20M_middle_r4_full_s42,middle,4,20M,42,4096,2026-10-07 01:26:05,536870912,2.6.0+cu124,2.4493600629640397e+17,456228864.0,2.944275316472586,3.3256639383104223,3.443388528062913,3.680806767500452,2.944275316472586,3.3256639383104223,3.445727906922817,3.6833313345113616
27246016,17092544,10153472,26844608,iso_token,full,39.998,1073741824,middle/full,True,448,152076288.0,False,7340032,20,72d2e45,0,0.00153,3,2,4,8,2,0,20M_middle_r4_full_s42,middle,4,20M,42,8192,2026-10-07 01:52:35,1073741824,2.6.0+cu124,4.8987201259280794e+17,456228864.0,2.813717218742021,3.2216937282558935,3.2944703015978782,3.541121912078248,2.813717218742021,3.2216937282558935,3.2952330063498816,3.54197819082426
27246016,17092544,10153472,26844608,iso_token,full,10.0,268435456,middle/full,True,448,152076288.0,False,7340032,20,72d2e45,0,0.00153,3,2,4,8,2,0,20M_middle_r4_full_s43,middle,4,20M,43,2048,2026-10-07 01:25:25,268435456,2.6.0+cu124,1.2246800314820198e+17,456228864.0,3.3200827613904007,3.611861083799411,3.681583685498766,3.930725342068558,3.3200827613904007,3.611861083799411,3.6871049283245534,3.9385439157628377
27246016,17092544,10153472,26844608,iso_token,full,19.999,536870912,middle/full,True,448,152076288.0,False,7340032,20,72d2e45,0,0.00153,3,2,4,8,2,0,20M_middle_r4_full_s43,middle,4,20M,43,4096,2026-10-07 01:42:24,536870912,2.6.0+cu124,2.4493600629640397e+17,456228864.0,3.09735608700264,3.4017266466543,3.4661810394195545,3.721731654937644,3.09735608700264,3.4017266466543,3.468537319208141,3.723528928247918
27246016,17092544,10153472,26844608,iso_token,full,39.998,1073741824,middle/full,True,448,152076288.0,False,7340032,20,72d2e45,0,0.00153,3,2,4,8,2,0,20M_middle_r4_full_s43,middle,4,20M,43,8192,2026-10-07 02:09:06,1073741824,2.6.0+cu124,4.8987201259280794e+17,456228864.0,3.011665501772036,3.293860670986901,3.3141361882511418,3.583131206718606,3.011665501772036,3.293860670986901,3.314914134005704,3.5837802822875156
27246016,17092544,10153472,26844608,iso_token,full,10.0,268435456,middle/full,True,448,152076288.0,False,7340032,20,72d2e45,0,0.00153,3,2,4,8,2,0,20M_middle_r4_full_s44,middle,4,20M,44,2048,2026-10-07 02:01:12,268435456,2.6.0+cu124,1.2246800314820198e+17,456228864.0,3.3691606989630016,3.5695422827559655,3.67052332345377,3.91872669413772,3.3691606989630016,3.5695422827559655,3.6762192802489615,3.9254685363537103
27246016,17092544,10153472,26844608,iso_token,full,19.999,536870912,middle/full,True,448,152076288.0,False,7340032,20,72d2e45,0,0.00153,3,2,4,8,2,0,20M_middle_r4_full_s44,middle,4,20M,44,4096,2026-10-07 02:18:27,536870912,2.6.0+cu124,2.4493600629640397e+17,456228864.0,3.228466840781812,3.392652359617195,3.4591136091003705,3.72788823983324,3.228466840781812,3.392652359617195,3.4614209982624953,3.730392405093749
27246016,17092544,10153472,26844608,iso_token,full,39.998,1073741824,middle/full,True,448,152076288.0,False,7340032,20,72d2e45,0,0.00153,3,2,4,8,2,0,20M_middle_r4_full_s44,middle,4,20M,44,8192,2026-10-07 02:45:33,1073741824,2.6.0+cu124,4.8987201259280794e+17,456228864.0,3.09563992037018,3.4278845313531536,3.3116119198749523,3.621776711696011,3.09563992037018,3.4278845313531536,3.3123251402359526,3.621838428880034
27246016,17092544,10153472,26844608,iso_token,trunc,10.0,268435456,middle/trunc,True,448,152076288.0,False,7340032,20,72d2e45,2,0.00153,3,2,4,8,2,0,20M_middle_r4_k2_s42,middle,4,20M,42,2048,2026-10-06 22:06:17,268435456,2.6.0+cu124,9.27899852912722e+16,345669632.0,3.546560001021724,3.584006147373413,3.671402482989575,3.9364856167522224,3.546560001021724,3.584006147373413,3.677166819321796,3.9417290670633736
27246016,17092544,10153472,26844608,iso_flop,trunc,13.198,354287616,middle/trunc,True,448,152076288.0,False,7340032,20,72d2e45,2,0.00153,3,2,4,8,2,0,20M_middle_r4_k2_s42,middle,4,20M,42,2703,2026-10-06 22:18:29,354287616,2.6.0+cu124,1.2246646984487731e+17,345669632.0,3.4115742016214603,3.5055035150372778,3.591226120863088,3.8554556416046735,3.4115742016214603,3.5055035150372778,3.5954024880650053,3.861082955927591
27246016,17092544,10153472,26844608,iso_token,trunc,19.999,536870912,middle/trunc,True,448,152076288.0,False,7340032,20,72d2e45,2,0.00153,3,2,4,8,2,0,20M_middle_r4_k2_s42,middle,4,20M,42,4096,2026-10-06 22:33:13,536870912,2.6.0+cu124,1.855799705825444e+17,345669632.0,3.0099821743172415,3.352844828059307,3.4628124013036534,3.704481724556015,3.0099821743172415,3.352844828059307,3.465121358165104,3.707021709631301
27246016,17092544,10153472,26844608,iso_flop,trunc,26.395,708575232,middle/trunc,True,448,152076288.0,False,7340032,20,72d2e45,2,0.00153,3,2,4,8,2,0,20M_middle_r4_k2_s42,middle,4,20M,42,5406,2026-10-06 22:50:22,708575232,2.6.0+cu124,2.4493293968975462e+17,345669632.0,3.0911983053876253,3.32964036912817,3.402406709653364,3.660359366699015,3.0911983053876253,3.32964036912817,3.403794852542948,3.663374132216724
27246016,17092544,10153472,26844608,iso_token,trunc,39.998,1073741824,middle/trunc,True,448,152076288.0,False,7340032,20,72d2e45,2,0.00153,3,2,4,8,2,0,20M_middle_r4_k2_s42,middle,4,20M,42,8192,2026-10-06 23:12:37,1073741824,2.6.0+cu124,3.711599411650888e+17,345669632.0,3.101688906403158,3.3067671156693734,3.341538204962805,3.6085512201318872,3.101688906403158,3.3067671156693734,3.342373810982165,3.6077102692676184
27246016,17092544,10153472,26844608,iso_flop,trunc,52.791,1417150464,middle/trunc,True,448,152076288.0,False,7340032,20,72d2e45,2,0.00153,3,2,4,8,2,0,20M_middle_r4_k2_s42,middle,4,20M,42,10812,2026-10-06 23:39:39,1417150464,2.6.0+cu124,4.8986587937950925e+17,345669632.0,3.0642703156165827,3.2384362661809845,3.288617944838501,3.5578448043173037,3.0642703156165827,3.2384362661809845,3.2894008192319824,3.558937216123254
27246016,17092544,10153472,26844608,iso_token,trunc,10.0,268435456,middle/trunc,True,448,152076288.0,False,7340032,20,72d2e45,2,0.00153,3,2,4,8,2,2,20M_middle_r4_k2_s43,middle,4,20M,43,2048,2026-10-06 22:20:50,268435456,2.6.0+cu124,9.27899852912722e+16,345669632.0,3.268327004922577,3.6353591727829584,3.701874273321577,3.949339244340179,3.268327004922577,3.6353591727829584,3.7073206967631194,3.954815264750623
27246016,17092544,10153472,26844608,iso_flop,trunc,13.198,354287616,middle/trunc,True,448,152076288.0,False,7340032,20,72d2e45,2,0.00153,3,2,4,8,2,2,20M_middle_r4_k2_s43,middle,4,20M,43,2703,2026-10-06 22:33:07,354287616,2.6.0+cu124,1.2246646984487731e+17,345669632.0,3.369853300821469,3.550648964151468,3.610197411773343,3.875348197376848,3.369853300821469,3.550648964151468,3.6146359529862697,3.880710259256683
27246016,17092544,10153472,26844608,iso_token,trunc,19.999,536870912,middle/trunc,True,448,152076288.0,False,7340032,20,72d2e45,2,0.00153,3,2,4,8,2,2,20M_middle_r4_k2_s43,middle,4,20M,43,4096,2026-10-06 22:47:57,536870912,2.6.0+cu124,1.855799705825444e+17,345669632.0,3.116469272178754,3.412303606685384,3.4856096066371554,3.742411948197644,3.116469272178754,3.412303606685384,3.487808627533576,3.74374953699033
27246016,17092544,10153472,26844608,iso_flop,trunc,26.395,708575232,middle/trunc,True,448,152076288.0,False,7340032,20,72d2e45,2,0.00153,3,2,4,8,2,2,20M_middle_r4_k2_s43,middle,4,20M,43,5406,2026-10-06 23:05:13,708575232,2.6.0+cu124,2.4493293968975462e+17,345669632.0,3.179144874841507,3.377999424244681,3.4221560462077596,3.690237162538122,3.179144874841507,3.377999424244681,3.4235976072093535,3.6933510323028815
27246016,17092544,10153472,26844608,iso_token,trunc,39.998,1073741824,middle/trunc,True,448,152076288.0,False,7340032,20,72d2e45,2,0.00153,3,2,4,8,2,2,20M_middle_r4_k2_s43,middle,4,20M,43,8192,2026-10-06 23:27:37,1073741824,2.6.0+cu124,3.711599411650888e+17,345669632.0,3.0803214044567504,3.3132989686496503,3.337820133510948,3.606689024750376,3.0803214044567504,3.3132989686496503,3.3385566689772084,3.606793910402808
27246016,17092544,10153472,26844608,iso_flop,trunc,52.791,1417150464,middle/trunc,True,448,152076288.0,False,7340032,20,72d2e45,2,0.00153,3,2,4,8,2,2,20M_middle_r4_k2_s43,middle,4,20M,43,10812,2026-10-06 23:54:51,1417150464,2.6.0+cu124,4.8986587937950925e+17,345669632.0,2.9169458833916826,3.2505779201903473,3.2881194545779913,3.550635539589985,2.9169458833916826,3.2505779201903473,3.28885791550491,3.551382821343505
27246016,17092544,10153472,26844608,iso_token,trunc,10.0,268435456,middle/trunc,True,448,152076288.0,False,7340032,20,72d2e45,2,0.00153,3,2,4,8,2,2,20M_middle_r4_k2_s44,middle,4,20M,44,2048,2026-10-06 23:29:59,268435456,2.6.0+cu124,9.27899852912722e+16,345669632.0,3.73033442652773,3.703013349303293,3.720792209622588,4.001716466746165,3.73033442652773,3.703013349303293,3.725655385919976,4.01430304507442
27246016,17092544,10153472,26844608,iso_flop,trunc,13.198,354287616,middle/trunc,True,448,152076288.0,False,7340032,20,72d2e45,2,0.00153,3,2,4,8,2,2,20M_middle_r4_k2_s44,middle,4,20M,44,2703,2026-10-06 23:42:17,354287616,2.6.0+cu124,1.2246646984487731e+17,345669632.0,3.8678303133061354,3.570450518111847,3.60838808501256,3.9148754372976873,3.8678303133061354,3.570450518111847,3.61279856656381,3.917014880006447
27246016,17092544,10153472,26844608,iso_token,trunc,19.999,536870912,middle/trunc,True,448,152076288.0,False,7340032,20,72d2e45,2,0.00153,3,2,4,8,2,2,20M_middle_r4_k2_s44,middle,4,20M,44,4096,2026-10-06 23:57:08,536870912,2.6.0+cu124,1.855799705825444e+17,345669632.0,3.1386804822757006,3.454377756574835,3.4857144855970517,3.747131151230396,3.1386804822757006,3.454377756574835,3.4879635615825513,3.748740830171689
27246016,17092544,10153472,26844608,iso_flop,trunc,26.395,708575232,middle/trunc,True,448,152076288.0,False,7340032,20,72d2e45,2,0.00153,3,2,4,8,2,2,20M_middle_r4_k2_s44,middle,4,20M,44,5406,2026-10-07 00:14:25,708575232,2.6.0+cu124,2.4493293968975462e+17,345669632.0,3.194282667994908,3.4404739955866748,3.43250370074463,3.7092172690088754,3.194282667994908,3.4404739955866748,3.4339514014234,3.7128232687911606
27246016,17092544,10153472,26844608,iso_token,trunc,39.998,1073741824,middle/trunc,True,448,152076288.0,False,7340032,20,72d2e45,2,0.00153,3,2,4,8,2,2,20M_middle_r4_k2_s44,middle,4,20M,44,8192,2026-10-07 00:36:48,1073741824,2.6.0+cu124,3.711599411650888e+17,345669632.0,3.079287397227317,3.396671065841791,3.3546657414794545,3.636664727030674,3.079287397227317,3.396671065841791,3.3554306863283383,3.637843636302028
27246016,17092544,10153472,26844608,iso_flop,trunc,52.791,1417150464,middle/trunc,True,448,152076288.0,False,7340032,20,72d2e45,2,0.00153,3,2,4,8,2,2,20M_middle_r4_k2_s44,middle,4,20M,44,10812,2026-10-07 01:04:02,1417150464,2.6.0+cu124,4.8986587937950925e+17,345669632.0,3.2763298917467356,3.396597421222382,3.318663142652645,3.627956596096383,3.2763298917467356,3.396597421222382,3.3196573695142724,3.6292735130546454
27246016,7340480,19905536,26844608,iso_token,full,10.0,268435456,whole/full,True,448,123633664.0,False,7340032,16,72d2e45,0,0.00153,3,0,8,8,0,0,20M_whole_r2_full_s42,whole,2,20M,42,2048,2026-10-07 04:01:12,268435456,2.6.0+cu124,9.956297691837235e+16,370900992.0,3.3646786574620107,3.722770382198197,3.748976567028449,4.002308997499504,3.3646786574620107,3.722770382198197,3.7549436175059214,4.008570529421202
27246016,7340480,19905536,26844608,iso_token,full,19.999,536870912,whole/full,True,448,123633664.0,False,7340032,16,72d2e45,0,0.00153,3,0,8,8,0,0,20M_whole_r2_full_s42,whole,2,20M,42,4096,2026-10-07 04:15:27,536870912,2.6.0+cu124,1.991259538367447e+17,370900992.0,3.333590021966441,3.4769178555861493,3.528874521750807,3.797098092345328,3.333590021966441,3.4769178555861493,3.5311732583191664,3.799211419168047
27246016,7340480,19905536,26844608,iso_token,full,39.998,1073741824,whole/full,True,448,123633664.0,False,7340032,16,72d2e45,0,0.00153,3,0,8,8,0,0,20M_whole_r2_full_s42,whole,2,20M,42,8192,2026-10-07 04:37:49,1073741824,2.6.0+cu124,3.982519076734894e+17,370900992.0,3.2119786377406254,3.337936869683729,3.382817503333121,3.6558617799551,3.2119786377406254,3.337936869683729,3.3835758261923963,3.6566359913176423
27246016,7340480,19905536,26844608,iso_token,full,10.0,268435456,whole/full,True,448,123633664.0,False,7340032,16,72d2e45,0,0.00153,3,0,8,8,0,0,20M_whole_r2_full_s43,whole,2,20M,43,2048,2026-10-07 04:37:40,268435456,2.6.0+cu124,9.956297691837235e+16,370900992.0,4.205495398090119,3.699716811331239,3.744542087141024,4.0728136614093975,4.205495398090119,3.699716811331239,3.75066080014868,4.089029520014055
27246016,7340480,19905536,26844608,iso_token,full,19.999,536870912,whole/full,True,448,123633664.0,False,7340032,16,72d2e45,0,0.00153,3,0,8,8,0,0,20M_whole_r2_full_s43,whole,2,20M,43,4096,2026-10-07 04:51:43,536870912,2.6.0+cu124,1.991259538367447e+17,370900992.0,4.07432549323643,3.4454979502253256,3.5268875341445876,3.8540594001610056,4.07432549323643,3.4454979502253256,3.529197426685517,3.85863075656662
27246016,7340480,19905536,26844608,iso_token,full,39.998,1073741824,whole/full,True,448,123633664.0,False,7340032,16,72d2e45,0,0.00153,3,0,8,8,0,0,20M_whole_r2_full_s43,whole,2,20M,43,8192,2026-10-07 05:13:46,1073741824,2.6.0+cu124,3.982519076734894e+17,370900992.0,3.704905974603116,3.3369034030007656,3.38169987390949,3.695155247791859,3.704905974603116,3.3369034030007656,3.3824561860865345,3.6951574963761424
27246016,7340480,19905536,26844608,iso_token,full,10.0,268435456,whole/full,True,448,123633664.0,False,7340032,16,72d2e45,0,0.00153,3,0,8,8,0,0,20M_whole_r2_full_s44,whole,2,20M,44,2048,2026-10-07 05:25:11,268435456,2.6.0+cu124,9.956297691837235e+16,370900992.0,3.5610556101006763,3.694365495263593,3.760309257856544,4.026100459769479,3.5610556101006763,3.694365495263593,3.766275602030125,4.030147425226235
27246016,7340480,19905536,26844608,iso_token,full,19.999,536870912,whole/full,True,448,123633664.0,False,7340032,16,72d2e45,0,0.00153,3,0,8,8,0,0,20M_whole_r2_full_s44,whole,2,20M,44,4096,2026-10-07 05:39:07,536870912,2.6.0+cu124,1.991259538367447e+17,370900992.0,3.277596085834879,3.4581936248881644,3.5348295403550294,3.7997556478219994,3.277596085834879,3.4581936248881644,3.537137773295356,3.802510482290424
27246016,7340480,19905536,26844608,iso_token,full,39.998,1073741824,whole/full,True,448,123633664.0,False,7340032,16,72d2e45,0,0.00153,3,0,8,8,0,0,20M_whole_r2_full_s44,whole,2,20M,44,8192,2026-10-07 06:01:01,1073741824,2.6.0+cu124,3.982519076734894e+17,370900992.0,3.1813622443493252,3.3387517548212897,3.384980030607472,3.658059633356178,3.1813622443493252,3.3387517548212897,3.3857531539408345,3.65718556537286
27246016,7340480,19905536,26844608,iso_token,full,10.0,268435456,whole/full,True,448,232587264.0,False,7340032,32,72d2e45,0,0.00153,3,0,8,8,0,0,20M_whole_r4_full_s42,whole,4,20M,42,2048,2026-10-06 16:32:04,268435456,2.6.0+cu124,1.8730400481489715e+17,697761792.0,3.5297800099194787,3.7737970442750184,3.8044799331795662,4.070672043786731,3.5297800099194787,3.7737970442750184,3.8110296041133904,4.077490628745283
27246016,7340480,19905536,26844608,iso_token,full,19.999,536870912,whole/full,True,448,232587264.0,False,7340032,32,72d2e45,0,0.00153,3,0,8,8,0,0,20M_whole_r4_full_s42,whole,4,20M,42,4096,2026-10-06 17:01:23,536870912,2.6.0+cu124,3.746080096297943e+17,697761792.0,3.0185873039331153,3.4607966284214533,3.540089509953364,3.781848720957085,3.0185873039331153,3.4607966284214533,3.54257418983628,3.784234152581105
27246016,7340480,19905536,26844608,iso_token,full,39.998,1073741824,whole/full,True,448,232587264.0,False,7340032,32,72d2e45,0,0.00153,3,0,8,8,0,0,20M_whole_r4_full_s42,whole,4,20M,42,8192,2026-10-06 17:49:19,1073741824,2.6.0+cu124,7.492160192595886e+17,697761792.0,2.887152335884372,3.287807634474831,3.3736596766078346,3.6229834687074423,2.887152335884372,3.287807634474831,3.374387197929925,3.6240774944785503
27246016,7340480,19905536,26844608,iso_token,full,10.0,268435456,whole/full,True,448,232587264.0,False,7340032,32,72d2e45,0,0.00153,3,0,8,8,0,0,20M_whole_r4_full_s43,whole,4,20M,43,2048,2026-10-06 18:58:05,268435456,2.6.0+cu124,1.8730400481489715e+17,697761792.0,3.7225562363418954,3.685913594195959,3.765670595858913,4.035619751245316,3.7225562363418954,3.685913594195959,3.771845563261882,4.04090886123108
27246016,7340480,19905536,26844608,iso_token,full,19.999,536870912,whole/full,True,448,232587264.0,False,7340032,32,72d2e45,0,0.00153,3,0,8,8,0,0,20M_whole_r4_full_s43,whole,4,20M,43,4096,2026-10-06 19:27:48,536870912,2.6.0+cu124,3.746080096297943e+17,697761792.0,3.029168477311588,3.435592969694016,3.521551726109919,3.765359802135253,3.029168477311588,3.435592969694016,3.523945518963289,3.7676900891487985
27246016,7340480,19905536,26844608,iso_token,full,39.998,1073741824,whole/full,True,448,232587264.0,False,7340032,32,72d2e45,0,0.00153,3,0,8,8,0,0,20M_whole_r4_full_s43,whole,4,20M,43,8192,2026-10-06 20:16:24,1073741824,2.6.0+cu124,7.492160192595886e+17,697761792.0,2.874092542010026,3.2431632025158477,3.364040545361765,3.6059942299072953,2.874092542010026,3.2431632025158477,3.3648019294463247,3.607139331132787
27246016,7340480,19905536,26844608,iso_token,full,10.0,268435456,whole/full,True,448,232587264.0,False,7340032,32,72d2e45,0,0.00153,3,0,8,8,0,0,20M_whole_r4_full_s44,whole,4,20M,44,2048,2026-10-06 19:19:11,268435456,2.6.0+cu124,1.8730400481489715e+17,697761792.0,3.7197659873454585,3.734441916969818,3.778406520064441,4.056715159572207,3.7197659873454585,3.734441916969818,3.784520224302763,4.063042226374091
27246016,7340480,19905536,26844608,iso_token,full,19.999,536870912,whole/full,True,448,232587264.0,False,7340032,32,72d2e45,0,0.00153,3,0,8,8,0,0,20M_whole_r4_full_s44,whole,4,20M,44,4096,2026-10-06 19:48:14,536870912,2.6.0+cu124,3.746080096297943e+17,697761792.0,3.032717779957017,3.42457074805538,3.5303710948398463,3.7705842052747025,3.032717779957017,3.42457074805538,3.532719006377844,3.7725678029669982
27246016,7340480,19905536,26844608,iso_token,full,39.998,1073741824,whole/full,True,448,232587264.0,False,7340032,32,72d2e45,0,0.00153,3,0,8,8,0,0,20M_whole_r4_full_s44,whole,4,20M,44,8192,2026-10-06 20:35:44,1073741824,2.6.0+cu124,7.492160192595886e+17,697761792.0,2.858485427932325,3.253868225904893,3.3688777139167914,3.607989817560192,2.858485427932325,3.253868225904893,3.369644686817742,3.608318716403073
27246016,7340480,19905536,26844608,iso_token,trunc,10.0,268435456,whole/trunc,True,448,232587264.0,False,7340032,32,72d2e45,2,0.00153,3,0,8,8,0,1,20M_whole_r4_k2_s42,whole,4,20M,42,2048,2026-10-06 04:31:07,268435456,2.6.0+cu124,1.2880998621721395e+17,479854592.0,3.399541388226449,3.5522670125846556,3.643346947729905,3.896709028913168,3.399541388226449,3.5522670125846556,3.64888135956727,3.9014048433083297
27246016,7340480,19905536,26844608,iso_flop,trunc,14.54,390332416,whole/trunc,True,448,232587264.0,False,7340032,32,72d2e45,2,0.00153,3,0,8,8,0,1,20M_whole_r4_k2_s42,whole,4,20M,42,2978,2026-10-06 04:50:19,390332416,2.6.0+cu124,1.8730280222405427e+17,479854592.0,3.422258942011626,3.4593314676996223,3.534226024181122,3.802875374033792,3.422258942011626,3.4593314676996223,3.537765607337507,3.811989984996059
27246016,7340480,19905536,26844608,iso_token,trunc,19.999,536870912,whole/trunc,True,448,232587264.0,False,7340032,32,72d2e45,2,0.00153,3,0,8,8,0,1,20M_whole_r4_k2_s42,whole,4,20M,42,4096,2026-10-06 05:12:47,536870912,2.6.0+cu124,2.576199724344279e+17,479854592.0,3.1169882547494656,3.332524634513564,3.4471250679409553,3.697835413872887,3.1169882547494656,3.332524634513564,3.4493445485707426,3.699581503796894
27246016,7340480,19905536,26844608,iso_flop,trunc,29.081,780664832,whole/trunc,True,448,232587264.0,False,7340032,32,72d2e45,2,0.00153,3,0,8,8,0,1,20M_whole_r4_k2_s42,whole,4,20M,42,5956,2026-10-06 05:40:41,780664832,2.6.0+cu124,3.7460560444810854e+17,479854592.0,3.1784666943834536,3.283714662431468,3.368248843517821,3.6359470170505297,3.1784666943834536,3.283714662431468,3.3694223592043127,3.635687824027455
27246016,7340480,19905536,26844608,iso_token,trunc,39.998,1073741824,whole/trunc,True,448,232587264.0,False,7340032,32,72d2e45,2,0.00153,3,0,8,8,0,1,20M_whole_r4_k2_s42,whole,4,20M,42,8192,2026-10-06 06:15:11,1073741824,2.6.0+cu124,5.152399448688558e+17,479854592.0,3.029444480588082,3.270402838255939,3.3361925700475106,3.593275381449297,3.029444480588082,3.270402838255939,3.337199735874553,3.5939512272501877
27246016,7340480,19905536,26844608,iso_flop,trunc,58.162,1561329664,whole/trunc,True,448,232587264.0,False,7340032,32,72d2e45,2,0.00153,3,0,8,8,0,1,20M_whole_r4_k2_s42,whole,4,20M,42,11912,2026-10-06 07:00:35,1561329664,2.6.0+cu124,7.492112088962171e+17,479854592.0,2.881328727785059,3.2167807238289097,3.281729191050948,3.536681838924511,2.881328727785059,3.2167807238289097,3.281997475123172,3.536722188220279
27246016,7340480,19905536,26844608,iso_token,trunc,10.0,268435456,whole/trunc,True,448,232587264.0,False,7340032,32,72d2e45,2,0.00153,3,0,8,8,0,1,20M_whole_r4_k2_s43,whole,4,20M,43,2048,2026-10-06 06:01:28,268435456,2.6.0+cu124,1.2880998621721395e+17,479854592.0,3.182670789626537,3.5737530979336967,3.651442986112013,3.897757182283144,3.182670789626537,3.5737530979336967,3.657162995292998,3.9033046303290537
27246016,7340480,19905536,26844608,iso_flop,trunc,14.54,390332416,whole/trunc,True,448,232587264.0,False,7340032,32,72d2e45,2,0.00153,3,0,8,8,0,1,20M_whole_r4_k2_s43,whole,4,20M,43,2978,2026-10-06 06:20:41,390332416,2.6.0+cu124,1.8730280222405427e+17,479854592.0,3.063908121954625,3.465674709891658,3.530990747969127,3.7805468504357207,3.063908121954625,3.465674709891658,3.5343946357520903,3.784663620338221
27246016,7340480,19905536,26844608,iso_token,trunc,19.999,536870912,whole/trunc,True,448,232587264.0,False,7340032,32,72d2e45,2,0.00153,3,0,8,8,0,1,20M_whole_r4_k2_s43,whole,4,20M,43,4096,2026-10-06 06:43:11,536870912,2.6.0+cu124,2.576199724344279e+17,479854592.0,3.0412321229371893,3.389811239278687,3.476455410136006,3.729284489663245,3.0412321229371893,3.389811239278687,3.4788209712243945,3.7317346352218856
27246016,7340480,19905536,26844608,iso_flop,trunc,29.081,780664832,whole/trunc,True,448,232587264.0,False,7340032,32,72d2e45,2,0.00153,3,0,8,8,0,1,20M_whole_r4_k2_s43,whole,4,20M,43,5956,2026-10-06 07:11:08,780664832,2.6.0+cu124,3.7460560444810854e+17,479854592.0,2.924780044716311,3.317815648618915,3.3950984132292814,3.6465347690044183,2.924780044716311,3.317815648618915,3.3962732940429663,3.64701081019296
27246016,7340480,19905536,26844608,iso_token,trunc,39.998,1073741824,whole/trunc,True,448,232587264.0,False,7340032,32,72d2e45,2,0.00153,3,0,8,8,0,1,20M_whole_r4_k2_s43,whole,4,20M,43,8192,2026-10-06 07:45:36,1073741824,2.6.0+cu124,5.152399448688558e+17,479854592.0,2.8640117977543316,3.272524582211137,3.3354431280117516,3.585872375704495,2.8640117977543316,3.272524582211137,3.336188384965182,3.5861561920285876
27246016,7340480,19905536,26844608,iso_flop,trunc,58.162,1561329664,whole/trunc,True,448,232587264.0,False,7340032,32,72d2e45,2,0.00153,3,0,8,8,0,1,20M_whole_r4_k2_s43,whole,4,20M,43,11912,2026-10-06 08:31:00,1561329664,2.6.0+cu124,7.492112088962171e+17,479854592.0,2.889048443430916,3.211795877417895,3.276542218709799,3.53216651055946,2.889048443430916,3.211795877417895,3.27710699070249,3.5319407886679417
27246016,7340480,19905536,26844608,iso_token,trunc,10.0,268435456,whole/trunc,True,448,232587264.0,False,7340032,32,72d2e45,2,0.00153,3,0,8,8,0,0,20M_whole_r4_k2_s44,whole,4,20M,44,2048,2026-10-06 08:59:15,268435456,2.6.0+cu124,1.2880998621721395e+17,479854592.0,3.2239226450428644,3.5546132690083394,3.643218226990224,3.8947102151813793,3.2239226450428644,3.5546132690083394,3.648871713032158,3.900870311844744
27246016,7340480,19905536,26844608,iso_flop,trunc,14.54,390332416,whole/trunc,True,448,232587264.0,False,7340032,32,72d2e45,2,0.00153,3,0,8,8,0,0,20M_whole_r4_k2_s44,whole,4,20M,44,2978,2026-10-06 09:18:46,390332416,2.6.0+cu124,1.8730280222405427e+17,479854592.0,3.1539420084093677,3.440788968295083,3.5213941112728313,3.7724715642595577,3.1539420084093677,3.440788968295083,3.5246564067922765,3.777733696120867
27246016,7340480,19905536,26844608,iso_token,trunc,19.999,536870912,whole/trunc,True,448,232587264.0,False,7340032,32,72d2e45,2,0.00153,3,0,8,8,0,0,20M_whole_r4_k2_s44,whole,4,20M,44,4096,2026-10-06 09:41:35,536870912,2.6.0+cu124,2.576199724344279e+17,479854592.0,2.969862515460901,3.348201836622181,3.4497152739273513,3.692315606964476,2.969862515460901,3.348201836622181,3.4519756586397174,3.694432233910817
27246016,7340480,19905536,26844608,iso_flop,trunc,29.081,780664832,whole/trunc,True,448,232587264.0,False,7340032,32,72d2e45,2,0.00153,3,0,8,8,0,0,20M_whole_r4_k2_s44,whole,4,20M,44,5956,2026-10-06 10:09:58,780664832,2.6.0+cu124,3.7460560444810854e+17,479854592.0,3.1081158405844196,3.314114486839748,3.3784101030072073,3.644635841182517,3.1081158405844196,3.314114486839748,3.379662611031336,3.6449572304525497
27246016,7340480,19905536,26844608,iso_token,trunc,39.998,1073741824,whole/trunc,True,448,232587264.0,False,7340032,32,72d2e45,2,0.00153,3,0,8,8,0,0,20M_whole_r4_k2_s44,whole,4,20M,44,8192,2026-10-06 10:45:01,1073741824,2.6.0+cu124,5.152399448688558e+17,479854592.0,2.979133425412728,3.2666975985193,3.3310142276698604,3.590163875740676,2.979133425412728,3.2666975985193,3.332119276117274,3.5904614188965596
27246016,7340480,19905536,26844608,iso_flop,trunc,58.162,1561329664,whole/trunc,True,448,232587264.0,False,7340032,32,72d2e45,2,0.00153,3,0,8,8,0,0,20M_whole_r4_k2_s44,whole,4,20M,44,11912,2026-10-06 11:31:10,1561329664,2.6.0+cu124,7.492112088962171e+17,479854592.0,2.8688295501075967,3.1924424433414,3.2765383091880715,3.5291826193871376,2.8688295501075967,3.1924424433414,3.2768862015825824,3.528992812355557
50145920,50145920,0,50145920,iso_token,full,4.999,250675200,dense/full,True,640,121241600.0,False,10485760,8,72d2e45,0,0.00183,3,0,0,8,8,0,40M_dense_r1_s42,dense,1,40M,42,1224,2026-10-05 16:44:53,250675200,2.6.0+cu124,9.117678698496e+16,363724800.0,3.2275052480535034,3.6254154733356367,3.640260685375949,3.901840270130165,3.2275052480535034,3.6254154733356367,3.654261881707292,3.917276677335318
50145920,50145920,0,50145920,iso_token,full,9.998,501350400,dense/full,True,640,121241600.0,False,10485760,8,72d2e45,0,0.00183,3,0,0,8,8,0,40M_dense_r1_s42,dense,1,40M,42,2448,2026-10-05 16:57:49,501350400,2.6.0+cu124,1.8235357396992e+17,363724800.0,2.988045113933025,3.3745781998377744,3.400165662549096,3.662845152740709,2.988045113933025,3.3745781998377744,3.4037355587974054,3.666517046266011
50145920,50145920,0,50145920,iso_token,full,20.0,1002905600,dense/full,True,640,121241600.0,False,10485760,8,72d2e45,0,0.00183,3,0,0,8,8,0,40M_dense_r1_s42,dense,1,40M,42,4897,2026-10-05 17:17:57,1002905600,2.6.0+cu124,3.6478163877888e+17,363724800.0,2.8908850149126635,3.2358927637266923,3.245840823981416,3.5105232550223713,2.8908850149126635,3.2358927637266923,3.2475852119691844,3.5124080951802266
50145920,50145920,0,50145920,iso_token,full,39.999,2005811200,dense/full,True,640,121241600.0,False,10485760,8,72d2e45,0,0.00183,3,0,0,8,8,0,40M_dense_r1_s42,dense,1,40M,42,9794,2026-10-05 17:52:25,2005811200,2.6.0+cu124,7.2956327755776e+17,363724800.0,3.2687693419077326,3.147708060231042,3.1373150372491514,3.4530611232546433,3.2687693419077326,3.147708060231042,3.1380082918233625,3.4537166877168324
50145920,50145920,0,50145920,iso_token,full,79.999,4011622400,dense/full,True,640,121241600.0,False,10485760,8,72d2e45,0,0.00183,3,0,0,8,8,0,40M_dense_r1_s42,dense,1,40M,42,19588,2026-10-05 18:55:42,4011622400,2.6.0+cu124,1.45912655511552e+18,363724800.0,2.7550897289790974,3.0789719875748394,3.058185721006227,3.3271701826391777,2.7550897289790974,3.0789719875748394,3.0583989258619275,3.3276760871901137
50145920,50145920,0,50145920,iso_token,full,4.999,250675200,dense/full,True,640,121241600.0,False,10485760,8,72d2e45,0,0.00183,3,0,0,8,8,0,40M_dense_r1_s43,dense,1,40M,43,1224,2026-10-05 18:02:00,250675200,2.6.0+cu124,9.117678698496e+16,363724800.0,3.2238660391913565,3.6228571837291783,3.6446289196250343,3.899527020354552,3.2238660391913565,3.6228571837291783,3.6585015484527665,3.9155228056466647
50145920,50145920,0,50145920,iso_token,full,9.998,501350400,dense/full,True,640,121241600.0,False,10485760,8,72d2e45,0,0.00183,3,0,0,8,8,0,40M_dense_r1_s43,dense,1,40M,43,2448,2026-10-05 18:15:02,501350400,2.6.0+cu124,1.8235357396992e+17,363724800.0,2.9843404310150365,3.361371497430167,3.4040761512708846,3.661279943472632,2.9843404310150365,3.361371497430167,3.4076397009860195,3.664968027061123
50145920,50145920,0,50145920,iso_token,full,20.0,1002905600,dense/full,True,640,121241600.0,False,10485760,8,72d2e45,0,0.00183,3,0,0,8,8,0,40M_dense_r1_s43,dense,1,40M,43,4897,2026-10-05 18:35:19,1002905600,2.6.0+cu124,3.6478163877888e+17,363724800.0,2.885584775267838,3.229068539865396,3.2482862151439607,3.512953192216876,2.885584775267838,3.229068539865396,3.2500371370677272,3.514545187728696
50145920,50145920,0,50145920,iso_token,full,39.999,2005811200,dense/full,True,640,121241600.0,False,10485760,8,72d2e45,0,0.00183,3,0,0,8,8,0,40M_dense_r1_s43,dense,1,40M,43,9794,2026-10-05 19:10:04,2005811200,2.6.0+cu124,7.2956327755776e+17,363724800.0,2.7274941830192927,3.1267882528212767,3.13901255177057,3.404583664266606,2.7274941830192927,3.1267882528212767,3.1397218144782095,3.40513418231991
50145920,50145920,0,50145920,iso_token,full,79.999,4011622400,dense/full,True,640,121241600.0,False,10485760,8,72d2e45,0,0.00183,3,0,0,8,8,0,40M_dense_r1_s43,dense,1,40M,43,19588,2026-10-05 20:13:48,4011622400,2.6.0+cu124,1.45912655511552e+18,363724800.0,2.687255685019741,3.0736783445720683,3.0602216369798905,3.3270872593365484,2.687255685019741,3.0736783445720683,3.0604366295224588,3.3276106092849393
50145920,50145920,0,50145920,iso_token,full,4.999,250675200,dense/full,True,640,121241600.0,False,10485760,8,72d2e45,0,0.00183,3,0,0,8,8,0,40M_dense_r1_s44,dense,1,40M,44,1224,2026-10-05 18:49:13,250675200,2.6.0+cu124,9.117678698496e+16,363724800.0,3.257674163488082,3.6248920510962814,3.647083492295459,3.909596363756308,3.257674163488082,3.6248920510962814,3.6611184003341983,3.924327719704545
50145920,50145920,0,50145920,iso_token,full,9.998,501350400,dense/full,True,640,121241600.0,False,10485760,8,72d2e45,0,0.00183,3,0,0,8,8,0,40M_dense_r1_s44,dense,1,40M,44,2448,2026-10-05 19:02:14,501350400,2.6.0+cu124,1.8235357396992e+17,363724800.0,3.0945800268108665,3.404585225285122,3.4071551526101596,3.682570729898506,3.0945800268108665,3.404585225285122,3.410701136088919,3.685370183220116
50145920,50145920,0,50145920,iso_token,full,20.0,1002905600,dense/full,True,640,121241600.0,False,10485760,8,72d2e45,0,0.00183,3,0,0,8,8,0,40M_dense_r1_s44,dense,1,40M,44,4897,2026-10-05 19:22:29,1002905600,2.6.0+cu124,3.6478163877888e+17,363724800.0,2.937914005653276,3.25831718186276,3.2511882178269937,3.526724887525338,2.937914005653276,3.25831718186276,3.252966743122206,3.5279271787203292
50145920,50145920,0,50145920,iso_token,full,39.999,2005811200,dense/full,True,640,121241600.0,False,10485760,8,72d2e45,0,0.00183,3,0,0,8,8,0,40M_dense_r1_s44,dense,1,40M,44,9794,2026-10-05 19:57:12,2005811200,2.6.0+cu124,7.2956327755776e+17,363724800.0,2.9460461940470455,3.327353609047094,3.1412887390038593,3.4694390932076,2.9460461940470455,3.327353609047094,3.141985844623085,3.4699696791372836
50145920,50145920,0,50145920,iso_token,full,79.999,4011622400,dense/full,True,640,121241600.0,False,10485760,8,72d2e45,0,0.00183,3,0,0,8,8,0,40M_dense_r1_s44,dense,1,40M,44,19588,2026-10-05 21:00:51,4011622400,2.6.0+cu124,1.45912655511552e+18,363724800.0,3.367689941367773,3.244135827270132,3.0606578897177914,3.439827161269598,3.367689941367773,3.244135827270132,3.060870790783651,3.4405830023896766
50965120,30316160,20648960,50145920,iso_token,full,9.998,501350400,middle/full,True,640,174653440.0,False,10485760,12,72d2e45,0,0.00183,3,2,4,8,2,0,40M_middle_r2_full_s42,middle,2,40M,42,2448,2026-10-06 19:35:29,501350400,2.6.0+cu124,2.62687716016128e+17,523960320.0,3.263705777362661,3.3735943980117127,3.40650513178595,3.685686199659332,3.263705777362661,3.3735943980117127,3.4106677391414433,3.688912102909716
50965120,30316160,20648960,50145920,iso_token,full,20.0,1002905600,middle/full,True,640,174653440.0,False,10485760,12,72d2e45,0,0.00183,3,2,4,8,2,0,40M_middle_r2_full_s42,middle,2,40M,42,4897,2026-10-06 20:02:50,1002905600,2.6.0+cu124,5.25482739105792e+17,523960320.0,3.116864063584623,3.2075898230310824,3.2382517866237923,3.5179796518558524,3.116864063584623,3.2075898230310824,3.240326813075183,3.520186645701891
50965120,30316160,20648960,50145920,iso_token,full,39.999,2005811200,middle/full,True,640,174653440.0,False,10485760,12,72d2e45,0,0.00183,3,2,4,8,2,0,40M_middle_r2_full_s42,middle,2,40M,42,9794,2026-10-06 20:49:41,2005811200,2.6.0+cu124,1.050965478211584e+18,523960320.0,2.800991736312389,3.119695182171574,3.1196090705156267,3.390094835450222,2.800991736312389,3.119695182171574,3.1204205998913195,3.390574264275713
50965120,30316160,20648960,50145920,iso_token,full,9.998,501350400,middle/full,True,640,174653440.0,False,10485760,12,72d2e45,0,0.00183,3,2,4,8,2,0,40M_middle_r2_full_s43,middle,2,40M,43,2448,2026-10-06 20:44:32,501350400,2.6.0+cu124,2.62687716016128e+17,523960320.0,3.0885291635199725,3.342309534540558,3.407917446612413,3.6683032631074513,3.0885291635199725,3.342309534540558,3.412065959400575,3.671992016894952
50965120,30316160,20648960,50145920,iso_token,full,20.0,1002905600,middle/full,True,640,174653440.0,False,10485760,12,72d2e45,0,0.00183,3,2,4,8,2,0,40M_middle_r2_full_s43,middle,2,40M,43,4897,2026-10-06 21:11:53,1002905600,2.6.0+cu124,5.25482739105792e+17,523960320.0,3.172550348537039,3.235718987649819,3.2390881160108895,3.522576348169151,3.172550348537039,3.235718987649819,3.2410939402408516,3.52480808423049
50965120,30316160,20648960,50145920,iso_token,full,39.999,2005811200,middle/full,True,640,174653440.0,False,10485760,12,72d2e45,0,0.00183,3,2,4,8,2,0,40M_middle_r2_full_s43,middle,2,40M,43,9794,2026-10-06 21:58:48,2005811200,2.6.0+cu124,1.050965478211584e+18,523960320.0,2.980247450634165,3.142012978740249,3.1201048335425927,3.4049049969929457,2.980247450634165,3.142012978740249,3.120935809725881,3.4050063382071056
50965120,30316160,20648960,50145920,iso_token,full,9.998,501350400,middle/full,True,640,174653440.0,False,10485760,12,72d2e45,0,0.00183,3,2,4,8,2,0,40M_middle_r2_full_s44,middle,2,40M,44,2448,2026-10-06 23:14:00,501350400,2.6.0+cu124,2.62687716016128e+17,523960320.0,3.184158255260335,3.3365720074258944,3.4032592024802772,3.671273076511688,3.184158255260335,3.3365720074258944,3.407358941504255,3.674738750201738
50965120,30316160,20648960,50145920,iso_token,full,20.0,1002905600,middle/full,True,640,174653440.0,False,10485760,12,72d2e45,0,0.00183,3,2,4,8,2,0,40M_middle_r2_full_s44,middle,2,40M,44,4897,2026-10-06 23:41:45,1002905600,2.6.0+cu124,5.25482739105792e+17,523960320.0,3.1044886343905556,3.1924922381926413,3.2354722727699556,3.511677022109926,3.1044886343905556,3.1924922381926413,3.237531955087013,3.513505172504066
50965120,30316160,20648960,50145920,iso_token,full,39.999,2005811200,middle/full,True,640,174653440.0,False,10485760,12,72d2e45,0,0.00183,3,2,4,8,2,0,40M_middle_r2_full_s44,middle,2,40M,44,9794,2026-10-07 00:29:24,2005811200,2.6.0+cu124,1.050965478211584e+18,523960320.0,2.7143483768867633,3.09701779779705,3.1171700469279764,3.382257968817528,2.7143483768867633,3.09701779779705,3.1179604873173887,3.38274673782605
50965120,30316160,20648960,50145920,iso_token,full,9.998,501350400,middle/full,True,640,278200320.0,False,10485760,20,72d2e45,0,0.00183,3,2,4,8,2,0,40M_middle_r4_full_s42,middle,4,40M,42,2448,2026-10-06 01:30:36,501350400,2.6.0+cu124,4.18427525136384e+17,834600960.0,2.9488745919814963,3.3447728362856637,3.3921232519409936,3.646239993099939,2.9488745919814963,3.3447728362856637,3.3963461707464577,3.650510091926313
50965120,30316160,20648960,50145920,iso_token,full,20.0,1002905600,middle/full,True,640,278200320.0,False,10485760,20,72d2e45,0,0.00183,3,2,4,8,2,0,40M_middle_r4_full_s42,middle,4,40M,42,4897,2026-10-06 02:12:39,1002905600,2.6.0+cu124,8.37025976549376e+17,834600960.0,2.839121488960625,3.203255650598109,3.214312645671623,3.4790930710509773,2.839121488960625,3.203255650598109,3.216423099935063,3.480468807874276
50965120,30316160,20648960,50145920,iso_token,full,39.999,2005811200,middle/full,True,640,278200320.0,False,10485760,20,72d2e45,0,0.00183,3,2,4,8,2,0,40M_middle_r4_full_s42,middle,4,40M,42,9794,2026-10-06 03:24:54,2005811200,2.6.0+cu124,1.674051953098752e+18,834600960.0,3.2061312055936892,3.1039913304786784,3.087410393106544,3.3965141759551827,3.2061312055936892,3.1039913304786784,3.0882603702564437,3.3970229851087272
50965120,30316160,20648960,50145920,iso_token,full,9.998,501350400,middle/full,True,640,278200320.0,False,10485760,20,72d2e45,0,0.00183,3,2,4,8,2,0,40M_middle_r4_full_s43,middle,4,40M,43,2448,2026-10-06 04:24:27,501350400,2.6.0+cu124,4.18427525136384e+17,834600960.0,2.921793048133145,3.295363990143937,3.392673555381021,3.634006756265484,2.921793048133145,3.295363990143937,3.3969739509733663,3.6385055006332663
50965120,30316160,20648960,50145920,iso_token,full,20.0,1002905600,middle/full,True,640,278200320.0,False,10485760,20,72d2e45,0,0.00183,3,2,4,8,2,0,40M_middle_r4_full_s43,middle,4,40M,43,4897,2026-10-06 05:07:11,1002905600,2.6.0+cu124,8.37025976549376e+17,834600960.0,2.988497176237977,3.1571429721356097,3.2150515789109484,3.480107525222514,2.988497176237977,3.1571429721356097,3.2171296703115915,3.4814107273527206
50965120,30316160,20648960,50145920,iso_token,full,39.999,2005811200,middle/full,True,640,278200320.0,False,10485760,20,72d2e45,0,0.00183,3,2,4,8,2,0,40M_middle_r4_full_s43,middle,4,40M,43,9794,2026-10-06 06:20:35,2005811200,2.6.0+cu124,1.674051953098752e+18,834600960.0,2.811160884910108,3.0569106811300584,3.087288195782,3.3576209898533578,2.811160884910108,3.0569106811300584,3.08810265422118,3.358056207277168
50965120,30316160,20648960,50145920,iso_token,full,9.998,501350400,middle/full,True,640,278200320.0,False,10485760,20,72d2e45,0,0.00183,3,2,4,8,2,0,40M_middle_r4_full_s44,middle,4,40M,44,2448,2026-10-06 05:01:47,501350400,2.6.0+cu124,4.18427525136384e+17,834600960.0,2.976143301641097,3.319389071871526,3.397055694782891,3.653203979577833,2.976143301641097,3.319389071871526,3.4013681317797615,3.658729857169418
50965120,30316160,20648960,50145920,iso_token,full,20.0,1002905600,middle/full,True,640,278200320.0,False,10485760,20,72d2e45,0,0.00183,3,2,4,8,2,0,40M_middle_r4_full_s44,middle,4,40M,44,4897,2026-10-06 05:43:31,1002905600,2.6.0+cu124,8.37025976549376e+17,834600960.0,2.8422954755837475,3.175340377645408,3.222704084829489,3.485787244663646,2.8422954755837475,3.175340377645408,3.2247531108757763,3.487748483842214
50965120,30316160,20648960,50145920,iso_token,full,39.999,2005811200,middle/full,True,640,278200320.0,False,10485760,20,72d2e45,0,0.00183,3,2,4,8,2,0,40M_middle_r4_full_s44,middle,4,40M,44,9794,2026-10-06 06:55:13,2005811200,2.6.0+cu124,1.674051953098752e+18,834600960.0,2.684964110668058,3.0512035887677524,3.0941428881737623,3.3591458406702763,2.684964110668058,3.0512035887677524,3.094953338549297,3.359826650320512
50965120,30316160,20648960,50145920,iso_token,trunc,9.998,501350400,middle/trunc,True,640,278200320.0,False,10485760,20,72d2e45,2,0.00183,3,2,4,8,2,1,40M_middle_r4_k2_s42,middle,4,40M,42,2448,2026-10-05 10:04:00,501350400,2.6.0+cu124,3.1460098572288e+17,627507200.0,3.0051545264759856,3.427602395442009,3.4418007611661987,3.705243376871083,3.0051545264759856,3.427602395442009,3.448698764567275,3.713224535670541
50965120,30316160,20648960,50145920,iso_flop,trunc,13.298,666828800,middle/trunc,True,640,278200320.0,False,10485760,20,72d2e45,2,0.00183,3,2,4,8,2,1,40M_middle_r4_k2_s42,middle,4,40M,42,3256,2026-10-05 10:31:13,666828800,2.6.0+cu124,4.1843987316736e+17,627507200.0,2.9365080340435585,3.3629809657364396,3.3523280859638063,3.6131042703664966,2.9365080340435585,3.3629809657364396,3.3560977141101485,3.6163974141382034
50965120,30316160,20648960,50145920,iso_token,trunc,20.0,1002905600,middle/trunc,True,640,278200320.0,False,10485760,20,72d2e45,2,0.00183,3,2,4,8,2,1,40M_middle_r4_k2_s42,middle,4,40M,42,4897,2026-10-05 11:06:10,1002905600,2.6.0+cu124,6.2933048492032e+17,627507200.0,2.8755687086100368,3.2595480328471447,3.249652003171628,3.514280586124022,2.8755687086100368,3.2595480328471447,3.251736452023442,3.515866064067879
50965120,30316160,20648960,50145920,iso_flop,trunc,26.6,1333862400,middle/trunc,True,640,278200320.0,False,10485760,20,72d2e45,2,0.00183,3,2,4,8,2,1,40M_middle_r4_k2_s42,middle,4,40M,42,6513,2026-10-05 11:48:44,1333862400,2.6.0+cu124,8.3700825980928e+17,627507200.0,2.6720179323104905,3.191633932369901,3.197773918977014,3.446287043748574,2.6720179323104905,3.191633932369901,3.198957889501468,3.4478153491018984
50965120,30316160,20648960,50145920,iso_token,trunc,39.999,2005811200,middle/trunc,True,640,278200320.0,False,10485760,20,72d2e45,2,0.00183,3,2,4,8,2,1,40M_middle_r4_k2_s42,middle,4,40M,42,9794,2026-10-05 12:46:47,2005811200,2.6.0+cu124,1.25866096984064e+18,627507200.0,2.592607747354264,3.136808495765445,3.132313643078395,3.3845971798995667,2.592607747354264,3.136808495765445,3.1331075495118372,3.3850479512740947
50965120,30316160,20648960,50145920,iso_flop,trunc,53.199,2667724800,middle/trunc,True,640,278200320.0,False,10485760,20,72d2e45,2,0.00183,3,2,4,8,2,1,40M_middle_r4_k2_s42,middle,4,40M,42,13026,2026-10-05 14:00:03,2667724800,2.6.0+cu124,1.67401651961856e+18,627507200.0,2.548000500173004,3.090467202767793,3.0817150957726764,3.3338007109669716,2.548000500173004,3.090467202767793,3.082199507488031,3.3342679411052316
50965120,30316160,20648960,50145920,iso_token,trunc,9.998,501350400,middle/trunc,True,640,278200320.0,False,10485760,20,72d2e45,2,0.00183,3,2,4,8,2,3,40M_middle_r4_k2_s43,middle,4,40M,43,2448,2026-10-05 10:51:43,501350400,2.6.0+cu124,3.1460098572288e+17,627507200.0,2.999568538801027,3.368559075905781,3.421170155676067,3.676158996290231,2.999568538801027,3.368559075905781,3.425277556620701,3.68096020960123
50965120,30316160,20648960,50145920,iso_flop,trunc,13.298,666828800,middle/trunc,True,640,278200320.0,False,10485760,20,72d2e45,2,0.00183,3,2,4,8,2,3,40M_middle_r4_k2_s43,middle,4,40M,43,3256,2026-10-05 11:18:54,666828800,2.6.0+cu124,4.1843987316736e+17,627507200.0,2.942568907606627,3.2953975233734556,3.346924911741055,3.6031418663340538,2.942568907606627,3.2953975233734556,3.3506444123632373,3.6057452267485375
50965120,30316160,20648960,50145920,iso_token,trunc,20.0,1002905600,middle/trunc,True,640,278200320.0,False,10485760,20,72d2e45,2,0.00183,3,2,4,8,2,3,40M_middle_r4_k2_s43,middle,4,40M,43,4897,2026-10-05 11:53:49,1002905600,2.6.0+cu124,6.2933048492032e+17,627507200.0,2.867893644378003,3.2178501949400147,3.249796479107893,3.510382154375951,2.867893644378003,3.2178501949400147,3.2518589828319127,3.5119279002641997
50965120,30316160,20648960,50145920,iso_flop,trunc,26.6,1333862400,middle/trunc,True,640,278200320.0,False,10485760,20,72d2e45,2,0.00183,3,2,4,8,2,3,40M_middle_r4_k2_s43,middle,4,40M,43,6513,2026-10-05 12:36:20,1333862400,2.6.0+cu124,8.3700825980928e+17,627507200.0,2.821549782450985,3.178022571303659,3.1963444224268778,3.456678054841895,2.821549782450985,3.178022571303659,3.1974588963867014,3.458045135548536
50965120,30316160,20648960,50145920,iso_token,trunc,39.999,2005811200,middle/trunc,True,640,278200320.0,False,10485760,20,72d2e45,2,0.00183,3,2,4,8,2,3,40M_middle_r4_k2_s43,middle,4,40M,43,9794,2026-10-05 13:34:18,2005811200,2.6.0+cu124,1.25866096984064e+18,627507200.0,2.649915875295274,3.1225679516090383,3.122622862371559,3.382814565395089,2.649915875295274,3.1225679516090383,3.123449652704288,3.3834358615556877
50965120,30316160,20648960,50145920,iso_flop,trunc,53.199,2667724800,middle/trunc,True,640,278200320.0,False,10485760,20,72d2e45,2,0.00183,3,2,4,8,2,3,40M_middle_r4_k2_s43,middle,4,40M,43,13026,2026-10-05 14:47:32,2667724800,2.6.0+cu124,1.67401651961856e+18,627507200.0,2.6905138160182513,3.1071070218976145,3.082857371489871,3.3503039201938893,2.6905138160182513,3.1071070218976145,3.083371077049749,3.350443910559985
50965120,30316160,20648960,50145920,iso_token,trunc,9.998,501350400,middle/trunc,True,640,278200320.0,False,10485760,20,72d2e45,2,0.00183,3,2,4,8,2,5,40M_middle_r4_k2_s44,middle,4,40M,44,2448,2026-10-05 14:04:29,501350400,2.6.0+cu124,3.1460098572288e+17,627507200.0,2.9790378358468965,3.345157464084876,3.421496793856011,3.671077252520766,2.9790378358468965,3.345157464084876,3.425656428508582,3.675470710742708
50965120,30316160,20648960,50145920,iso_flop,trunc,13.298,666828800,middle/trunc,True,640,278200320.0,False,10485760,20,72d2e45,2,0.00183,3,2,4,8,2,5,40M_middle_r4_k2_s44,middle,4,40M,44,3256,2026-10-05 14:32:10,666828800,2.6.0+cu124,4.1843987316736e+17,627507200.0,2.920412460332227,3.2657693461591544,3.3425841145543957,3.5949676038055434,2.920412460332227,3.2657693461591544,3.3462088091721554,3.597453289491949
50965120,30316160,20648960,50145920,iso_token,trunc,20.0,1002905600,middle/trunc,True,640,278200320.0,False,10485760,20,72d2e45,2,0.00183,3,2,4,8,2,5,40M_middle_r4_k2_s44,middle,4,40M,44,4897,2026-10-05 15:07:42,1002905600,2.6.0+cu124,6.2933048492032e+17,627507200.0,2.793927857650113,3.1781236815334166,3.246266856693153,3.4971584575857766,2.793927857650113,3.1781236815334166,3.248282816222499,3.4989006555776427
50965120,30316160,20648960,50145920,iso_flop,trunc,26.6,1333862400,middle/trunc,True,640,278200320.0,False,10485760,20,72d2e45,2,0.00183,3,2,4,8,2,5,40M_middle_r4_k2_s44,middle,4,40M,44,6513,2026-10-05 15:50:55,1333862400,2.6.0+cu124,8.3700825980928e+17,627507200.0,2.750029167707331,3.1461478586198366,3.1985326115833295,3.4484343778018327,2.750029167707331,3.1461478586198366,3.1997169061776236,3.4502769059312772
50965120,30316160,20648960,50145920,iso_token,trunc,39.999,2005811200,middle/trunc,True,640,278200320.0,False,10485760,20,72d2e45,2,0.00183,3,2,4,8,2,5,40M_middle_r4_k2_s44,middle,4,40M,44,9794,2026-10-05 16:49:50,2005811200,2.6.0+cu124,1.25866096984064e+18,627507200.0,2.9255709155328167,3.117809505764408,3.140651019402547,3.417856804768273,2.9255709155328167,3.117809505764408,3.141496833319133,3.4186597078107313
50965120,30316160,20648960,50145920,iso_flop,trunc,53.199,2667724800,middle/trunc,True,640,278200320.0,False,10485760,20,72d2e45,2,0.00183,3,2,4,8,2,5,40M_middle_r4_k2_s44,middle,4,40M,44,13026,2026-10-05 18:04:12,2667724800,2.6.0+cu124,1.67401651961856e+18,627507200.0,2.8262505009697914,3.0717374279924963,3.1020602460203235,3.3728543274426177,2.8262505009697914,3.0717374279924963,3.102543638455725,3.3732881383135935
50965120,10486400,40478720,50145920,iso_token,full,9.998,501350400,whole/full,True,640,224788480.0,False,10485760,16,72d2e45,0,0.00183,3,0,8,8,0,0,40M_whole_r2_full_s42,whole,2,40M,42,2448,2026-10-06 10:31:01,501350400,2.6.0+cu124,3.38093383090176e+17,674365440.0,3.365645347460154,3.3715030872829743,3.4418751995403545,3.7209910237778776,3.365645347460154,3.3715030872829743,3.446066126037356,3.724343577794899
50965120,10486400,40478720,50145920,iso_token,full,20.0,1002905600,whole/full,True,640,224788480.0,False,10485760,16,72d2e45,0,0.00183,3,0,8,8,0,0,40M_whole_r2_full_s42,whole,2,40M,42,4897,2026-10-06 11:04:45,1002905600,2.6.0+cu124,6.76324876222464e+17,674365440.0,3.350542684773514,3.278733277771307,3.2737663551582754,3.5775071368789497,3.350542684773514,3.278733277771307,3.275706835021737,3.5793244308881973
50965120,10486400,40478720,50145920,iso_token,full,39.999,2005811200,whole/full,True,640,224788480.0,False,10485760,16,72d2e45,0,0.00183,3,0,8,8,0,0,40M_whole_r2_full_s42,whole,2,40M,42,9794,2026-10-06 12:02:39,2005811200,2.6.0+cu124,1.352649752444928e+18,674365440.0,3.1127180837460617,3.106922305385294,3.1514252976682933,3.44432687483517,3.1127180837460617,3.106922305385294,3.152217981253553,3.444448816402532
50965120,10486400,40478720,50145920,iso_token,full,9.998,501350400,whole/full,True,640,224788480.0,False,10485760,16,72d2e45,0,0.00183,3,0,8,8,0,0,40M_whole_r2_full_s43,whole,2,40M,43,2448,2026-10-06 10:38:22,501350400,2.6.0+cu124,3.38093383090176e+17,674365440.0,3.429035741205827,3.3825148026714076,3.440754127646973,3.728670727363728,3.429035741205827,3.3825148026714076,3.44493991118159,3.732466465967899
50965120,10486400,40478720,50145920,iso_token,full,20.0,1002905600,whole/full,True,640,224788480.0,False,10485760,16,72d2e45,0,0.00183,3,0,8,8,0,0,40M_whole_r2_full_s43,whole,2,40M,43,4897,2026-10-06 11:12:24,1002905600,2.6.0+cu124,6.76324876222464e+17,674365440.0,2.9435609075600855,3.208754148591188,3.2706994046115696,3.5309715296020827,2.9435609075600855,3.208754148591188,3.2726095597945353,3.5324901469733274
50965120,10486400,40478720,50145920,iso_token,full,39.999,2005811200,whole/full,True,640,224788480.0,False,10485760,16,72d2e45,0,0.00183,3,0,8,8,0,0,40M_whole_r2_full_s43,whole,2,40M,43,9794,2026-10-06 12:10:50,2005811200,2.6.0+cu124,1.352649752444928e+18,674365440.0,2.7253042374586927,3.109428791850645,3.1509483554707587,3.4114607471052776,2.7253042374586927,3.109428791850645,3.1518003337781253,3.4126635437347983
50965120,10486400,40478720,50145920,iso_token,full,9.998,501350400,whole/full,True,640,224788480.0,False,10485760,16,72d2e45,0,0.00183,3,0,8,8,0,0,40M_whole_r2_full_s44,whole,2,40M,44,2448,2026-10-06 12:09:05,501350400,2.6.0+cu124,3.38093383090176e+17,674365440.0,3.4149925289698007,3.3645994329371947,3.429766601706407,3.715275663548513,3.4149925289698007,3.3645994329371947,3.4338878893532567,3.717752763419454
50965120,10486400,40478720,50145920,iso_token,full,20.0,1002905600,whole/full,True,640,224788480.0,False,10485760,16,72d2e45,0,0.00183,3,0,8,8,0,0,40M_whole_r2_full_s44,whole,2,40M,44,4897,2026-10-06 12:43:10,1002905600,2.6.0+cu124,6.76324876222464e+17,674365440.0,3.370852449206272,3.2401636965196317,3.262036820931449,3.560314634856916,3.370852449206272,3.2401636965196317,3.263960143569999,3.5625630516208626
50965120,10486400,40478720,50145920,iso_token,full,39.999,2005811200,whole/full,True,640,224788480.0,False,10485760,16,72d2e45,0,0.00183,3,0,8,8,0,0,40M_whole_r2_full_s44,whole,2,40M,44,9794,2026-10-06 13:41:39,2005811200,2.6.0+cu124,1.352649752444928e+18,674365440.0,2.832815763301048,3.1359697848346326,3.1449051962893337,3.420094044256989,2.832815763301048,3.1359697848346326,3.145700838274094,3.4208011575316717
50965120,10486400,40478720,50145920,iso_token,full,9.998,501350400,whole/full,True,640,428605440.0,False,10485760,32,72d2e45,0,0.00183,3,0,8,8,0,0,40M_whole_r4_full_s42,whole,4,40M,42,2448,2026-10-04 12:19:31,501350400,2.6.0+cu124,6.44644526358528e+17,1285816320.0,3.050045965795882,3.4416570391598085,3.4913482197459738,3.7407867086567848,3.050045965795882,3.4416570391598085,3.4959388267974076,3.7450031029993536
50965120,10486400,40478720,50145920,iso_token,full,20.0,1002905600,whole/full,True,640,428605440.0,False,10485760,32,72d2e45,0,0.00183,3,0,8,8,0,0,40M_whole_r4_full_s42,whole,4,40M,42,4897,2026-10-04 13:37:06,1002905600,2.6.0+cu124,1.289552387899392e+18,1285816320.0,2.835975351839484,3.238584299582159,3.29179856487542,3.542611689948674,2.835975351839484,3.238584299582159,3.29381366283355,3.544486071562016
50965120,10486400,40478720,50145920,iso_token,full,39.999,2005811200,whole/full,True,640,428605440.0,False,10485760,32,72d2e45,0,0.00183,3,0,8,8,0,0,40M_whole_r4_full_s42,whole,4,40M,42,9794,2026-10-04 15:54:47,2005811200,2.6.0+cu124,2.579104775798784e+18,1285816320.0,2.6566934264156044,3.12157363929688,3.154588813774707,3.409837060733713,2.6566934264156044,3.12157363929688,3.1553787356471674,3.410457021354756
50965120,10486400,40478720,50145920,iso_token,full,9.998,501350400,whole/full,True,640,428605440.0,False,10485760,32,72d2e45,0,0.00183,3,0,8,8,0,0,40M_whole_r4_full_s43,whole,4,40M,43,2448,2026-10-04 16:05:38,501350400,2.6.0+cu124,6.44644526358528e+17,1285816320.0,3.06582851107418,3.406812351595073,3.486945031989438,3.735738662230267,3.06582851107418,3.406812351595073,3.4914330247938037,3.740058603227009
50965120,10486400,40478720,50145920,iso_token,full,20.0,1002905600,whole/full,True,640,428605440.0,False,10485760,32,72d2e45,0,0.00183,3,0,8,8,0,0,40M_whole_r4_full_s43,whole,4,40M,43,4897,2026-10-04 17:21:11,1002905600,2.6.0+cu124,1.289552387899392e+18,1285816320.0,2.734806010643889,3.2097099748638502,3.291504823810943,3.5313837431669906,2.734806010643889,3.2097099748638502,3.293507020948286,3.533210828565403
50965120,10486400,40478720,50145920,iso_token,full,39.999,2005811200,whole/full,True,640,428605440.0,False,10485760,32,72d2e45,0,0.00183,3,0,8,8,0,0,40M_whole_r4_full_s43,whole,4,40M,43,9794,2026-10-04 19:34:53,2005811200,2.6.0+cu124,2.579104775798784e+18,1285816320.0,2.637073888578977,3.0556519100373194,3.157340617108386,3.4026731190352595,2.637073888578977,3.0556519100373194,3.158288988279706,3.403979115069229
50965120,10486400,40478720,50145920,iso_token,full,9.998,501350400,whole/full,True,640,428605440.0,False,10485760,32,72d2e45,0,0.00183,3,0,8,8,0,0,40M_whole_r4_full_s44,whole,4,40M,44,2448,2026-10-04 16:32:31,501350400,2.6.0+cu124,6.44644526358528e+17,1285816320.0,3.0636239137635375,3.399684849388924,3.483296638508926,3.734936085062748,3.0636239137635375,3.399684849388924,3.487898514169936,3.7391380881485183
50965120,10486400,40478720,50145920,iso_token,full,20.0,1002905600,whole/full,True,640,428605440.0,False,10485760,32,72d2e45,0,0.00183,3,0,8,8,0,0,40M_whole_r4_full_s44,whole,4,40M,44,4897,2026-10-04 17:48:48,1002905600,2.6.0+cu124,1.289552387899392e+18,1285816320.0,2.8478337599747645,3.211730832737667,3.286126769203279,3.5359247539652685,2.8478337599747645,3.211730832737667,3.288164601288619,3.537595578753519
50965120,10486400,40478720,50145920,iso_token,full,39.999,2005811200,whole/full,True,640,428605440.0,False,10485760,32,72d2e45,0,0.00183,3,0,8,8,0,0,40M_whole_r4_full_s44,whole,4,40M,44,9794,2026-10-04 20:03:48,2005811200,2.6.0+cu124,2.579104775798784e+18,1285816320.0,2.6899346179306876,3.0908267204311426,3.1518720437533694,3.408016391542917,2.6899346179306876,3.0908267204311426,3.152643859043019,3.408259915041691
50965120,10486400,40478720,50145920,iso_token,trunc,9.998,501350400,whole/trunc,True,640,428605440.0,False,10485760,32,72d2e45,2,0.00183,3,0,8,8,0,5,40M_whole_r4_k2_s42,whole,4,40M,42,2448,2026-10-03 11:52:42,501350400,2.6.0+cu124,4.4027709751296e+17,878182400.0,2.88471413719496,3.293004682686501,3.401436397364677,3.6440001120002616,2.88471413719496,3.293004682686501,3.4055231818567933,3.6488680008798777
50965120,10486400,40478720,50145920,iso_flop,trunc,14.641,734208000,whole/trunc,True,640,428605440.0,False,10485760,32,72d2e45,2,0.00183,3,0,8,8,0,5,40M_whole_r4_k2_s42,whole,4,40M,42,3585,2026-10-03 12:36:58,734208000,2.6.0+cu124,6.447685435392e+17,878182400.0,2.81261208475988,3.187981298348119,3.3002049794817787,3.542245705808511,2.81261208475988,3.187981298348119,3.302558768170238,3.544874297197808
50965120,10486400,40478720,50145920,iso_token,trunc,20.0,1002905600,whole/trunc,True,640,428605440.0,False,10485760,32,72d2e45,2,0.00183,3,0,8,8,0,5,40M_whole_r4_k2_s42,whole,4,40M,42,4897,2026-10-03 13:31:08,1002905600,2.6.0+cu124,8.8073404678144e+17,878182400.0,2.656387017232336,3.137302906854649,3.2288775840125528,3.4643859794554785,2.656387017232336,3.137302906854649,3.2309317974679534,3.4665847415473876
50965120,10486400,40478720,50145920,iso_flop,trunc,29.283,1468416000,whole/trunc,True,640,428605440.0,False,10485760,32,72d2e45,2,0.00183,3,0,8,8,0,5,40M_whole_r4_k2_s42,whole,4,40M,42,7170,2026-10-03 14:42:27,1468416000,2.6.0+cu124,1.2895370870784e+18,878182400.0,2.616677790460581,3.06856573325662,3.159360456908082,3.3996650909328907,2.616677790460581,3.06856573325662,3.1606318837241325,3.4018333962384677
50965120,10486400,40478720,50145920,iso_token,trunc,39.999,2005811200,whole/trunc,True,640,428605440.0,False,10485760,32,72d2e45,2,0.00183,3,0,8,8,0,5,40M_whole_r4_k2_s42,whole,4,40M,42,9794,2026-10-03 16:13:34,2005811200,2.6.0+cu124,1.76146809356288e+18,878182400.0,2.5848674500362705,3.070646940340407,3.126523155012558,3.3751392734623877,2.5848674500362705,3.070646940340407,3.1273237747509466,3.3757038237224855
50965120,10486400,40478720,50145920,iso_flop,trunc,58.566,2936832000,whole/trunc,True,640,428605440.0,False,10485760,32,72d2e45,2,0.00183,3,0,8,8,0,5,40M_whole_r4_k2_s42,whole,4,40M,42,14340,2026-10-03 18:18:48,2936832000,2.6.0+cu124,2.5790741741568e+18,878182400.0,2.5736432834787553,3.0259141483392824,3.067787181210965,3.3185356257423377,2.5736432834787553,3.0259141483392824,3.068555914109911,3.3191912516555084
50965120,10486400,40478720,50145920,iso_token,trunc,9.998,501350400,whole/trunc,True,640,428605440.0,False,10485760,32,72d2e45,2,0.00183,3,0,8,8,0,2,40M_whole_r4_k2_s43,whole,4,40M,43,2448,2026-10-03 12:03:41,501350400,2.6.0+cu124,4.4027709751296e+17,878182400.0,2.8489735059599974,3.3024884292127337,3.4059905238865222,3.644416971376589,2.8489735059599974,3.3024884292127337,3.4100141959123835,3.6476718198705185
50965120,10486400,40478720,50145920,iso_flop,trunc,14.641,734208000,whole/trunc,True,640,428605440.0,False,10485760,32,72d2e45,2,0.00183,3,0,8,8,0,2,40M_whole_r4_k2_s43,whole,4,40M,43,3585,2026-10-03 12:48:22,734208000,2.6.0+cu124,6.447685435392e+17,878182400.0,2.7704063328197126,3.2014732073970937,3.3013202469462386,3.5444382503891947,2.7704063328197126,3.2014732073970937,3.3035687530018927,3.546427822881276
50965120,10486400,40478720,50145920,iso_token,trunc,20.0,1002905600,whole/trunc,True,640,428605440.0,False,10485760,32,72d2e45,2,0.00183,3,0,8,8,0,2,40M_whole_r4_k2_s43,whole,4,40M,43,4897,2026-10-03 13:43:05,1002905600,2.6.0+cu124,8.8073404678144e+17,878182400.0,2.7260507193769423,3.144293463631139,3.2302898001668883,3.4746946632254785,2.7260507193769423,3.144293463631139,3.2322865148422806,3.4773016793223355
50965120,10486400,40478720,50145920,iso_flop,trunc,29.283,1468416000,whole/trunc,True,640,428605440.0,False,10485760,32,72d2e45,2,0.00183,3,0,8,8,0,2,40M_whole_r4_k2_s43,whole,4,40M,43,7170,2026-10-03 14:55:08,1468416000,2.6.0+cu124,1.2895370870784e+18,878182400.0,2.7496546835316096,3.0849830543724512,3.1666387933531235,3.417076849911804,2.7496546835316096,3.0849830543724512,3.1680217115548523,3.4197213236455077
50965120,10486400,40478720,50145920,iso_token,trunc,39.999,2005811200,whole/trunc,True,640,428605440.0,False,10485760,32,72d2e45,2,0.00183,3,0,8,8,0,2,40M_whole_r4_k2_s43,whole,4,40M,43,9794,2026-10-03 16:27:10,2005811200,2.6.0+cu124,1.76146809356288e+18,878182400.0,2.642631029473564,3.0598869681034846,3.1239441021992453,3.375969211978667,2.642631029473564,3.0598869681034846,3.1247901955826927,3.3767866675796316
50965120,10486400,40478720,50145920,iso_flop,trunc,58.566,2936832000,whole/trunc,True,640,428605440.0,False,10485760,32,72d2e45,2,0.00183,3,0,8,8,0,2,40M_whole_r4_k2_s43,whole,4,40M,43,14340,2026-10-03 18:33:31,2936832000,2.6.0+cu124,2.5790741741568e+18,878182400.0,2.5522882597072045,3.0062720428431837,3.060133823415244,3.310229878547426,2.5522882597072045,3.0062720428431837,3.06077767620283,3.3111579874731185
50965120,10486400,40478720,50145920,iso_token,trunc,9.998,501350400,whole/trunc,True,640,428605440.0,False,10485760,32,72d2e45,2,0.00183,3,0,8,8,0,0,40M_whole_r4_k2_s44,whole,4,40M,44,2448,2026-10-03 14:59:09,501350400,2.6.0+cu124,4.4027709751296e+17,878182400.0,2.8412154273230947,3.312300067008729,3.3982009012107133,3.644833583899171,2.8412154273230947,3.312300067008729,3.4021545711433063,3.6469638679783305
50965120,10486400,40478720,50145920,iso_flop,trunc,14.641,734208000,whole/trunc,True,640,428605440.0,False,10485760,32,72d2e45,2,0.00183,3,0,8,8,0,0,40M_whole_r4_k2_s44,whole,4,40M,44,3585,2026-10-03 15:43:52,734208000,2.6.0+cu124,6.447685435392e+17,878182400.0,2.8099149132609873,3.2083474821309745,3.296957004526338,3.543276095975044,2.8099149132609873,3.2083474821309745,3.2992258098266665,3.54607437937201
50965120,10486400,40478720,50145920,iso_token,trunc,20.0,1002905600,whole/trunc,True,640,428605440.0,False,10485760,32,72d2e45,2,0.00183,3,0,8,8,0,0,40M_whole_r4_k2_s44,whole,4,40M,44,4897,2026-10-03 16:38:35,1002905600,2.6.0+cu124,8.8073404678144e+17,878182400.0,2.7161736902410087,3.1289844059198293,3.229049980449981,3.4695950006475513,2.7161736902410087,3.1289844059198293,3.231097588269982,3.471924675604923
50965120,10486400,40478720,50145920,iso_flop,trunc,29.283,1468416000,whole/trunc,True,640,428605440.0,False,10485760,32,72d2e45,2,0.00183,3,0,8,8,0,0,40M_whole_r4_k2_s44,whole,4,40M,44,7170,2026-10-03 17:50:30,1468416000,2.6.0+cu124,1.2895370870784e+18,878182400.0,2.618736302441859,3.0547061839915965,3.1554363960226426,3.3947779943326437,2.618736302441859,3.0547061839915965,3.1568242935209727,3.397049428086358
50965120,10486400,40478720,50145920,iso_token,trunc,39.999,2005811200,whole/trunc,True,640,428605440.0,False,10485760,32,72d2e45,2,0.00183,3,0,8,8,0,0,40M_whole_r4_k2_s44,whole,4,40M,44,9794,2026-10-03 19:22:18,2005811200,2.6.0+cu124,1.76146809356288e+18,878182400.0,2.638499165452892,3.0293808156374284,3.103905177130066,3.357327716983254,2.638499165452892,3.0293808156374284,3.104669950767574,3.357222032044875
50965120,10486400,40478720,50145920,iso_flop,trunc,58.566,2936832000,whole/trunc,True,640,428605440.0,False,10485760,32,72d2e45,2,0.00183,3,0,8,8,0,0,40M_whole_r4_k2_s44,whole,4,40M,44,14340,2026-10-03 21:28:38,2936832000,2.6.0+cu124,2.5790741741568e+18,878182400.0,2.592139318201633,2.981331776513048,3.0645474691282395,3.3100588572177276,2.592139318201633,2.981331776513048,3.065284224556,3.310757825454072
92683136,92683136,0,92683136,iso_token,full,4.999,463339520,dense/full,True,896,214695936.0,False,14680064,8,72d2e45,0,0.00203,3,0,0,8,8,0,80M_dense_r1_s42,dense,1,80M,42,1414,2026-10-03 06:28:20,463339520,2.6.0+cu124,2.9843133579657216e+17,644087808.0,3.1216112096142057,3.401108773657634,3.3875159751658965,3.6689060368019586,3.1216112096142057,3.401108773657634,3.3985331470417317,3.6795105520929767
92683136,92683136,0,92683136,iso_token,full,9.998,926679040,dense/full,True,896,214695936.0,False,14680064,8,72d2e45,0,0.00203,3,0,0,8,8,0,80M_dense_r1_s42,dense,1,80M,42,2828,2026-10-03 06:58:30,926679040,2.6.0+cu124,5.968626715931443e+17,644087808.0,2.8938930025115845,3.1791069365873432,3.1855144919678806,3.462915667898674,2.8938930025115845,3.1791069365873432,3.189117567415712,3.4666068958714895
92683136,92683136,0,92683136,iso_token,full,19.997,1853358080,dense/full,True,896,214695936.0,False,14680064,8,72d2e45,0,0.00203,3,0,0,8,8,0,80M_dense_r1_s42,dense,1,80M,42,5656,2026-10-03 07:49:48,1853358080,2.6.0+cu124,1.1937253431862886e+18,644087808.0,2.8179253759267455,3.1172431370646936,3.0507024535092184,3.354993915382078,2.8179253759267455,3.1172431370646936,3.0517257737851686,3.355939348951727
92683136,92683136,0,92683136,iso_token,full,39.997,3707043840,dense/full,True,896,214695936.0,False,14680064,8,72d2e45,0,0.00203,3,0,0,8,8,0,80M_dense_r1_s42,dense,1,80M,42,11313,2026-10-03 09:23:23,3707043840,2.6.0+cu124,2.3876617410655027e+18,644087808.0,2.773329461825119,3.0681241615156347,2.955458598005261,3.266480800382956,2.773329461825119,3.0681241615156347,2.956011479843816,3.26704006421471
92683136,92683136,0,92683136,iso_token,full,79.997,7414415360,dense/full,True,896,214695936.0,False,14680064,8,72d2e45,0,0.00203,3,0,0,8,8,0,80M_dense_r1_s42,dense,1,80M,42,22627,2026-10-03 12:21:39,7414415360,2.6.0+cu124,4.775534536823931e+18,644087808.0,2.648497274605447,3.0131982747362565,2.8834404528770907,3.186797309157413,2.648497274605447,3.0131982747362565,2.883865795652166,3.1870341826402395
94288768,53682048,40606720,92683136,iso_token,full,9.998,926679040,middle/full,True,896,313786368.0,False,14680064,12,72d2e45,0,0.00203,3,2,4,8,2,0,80M_middle_r2_full_s42,middle,2,80M,42,2828,2026-10-04 19:16:09,926679040,2.6.0+cu124,8.723377507899802e+17,941359104.0,2.972445468163809,3.1365306732640046,3.179885971582306,3.451739255126235,2.972445468163809,3.1365306732640046,3.1840048741839886,3.4544682012628005
94288768,53682048,40606720,92683136,iso_token,full,19.997,1853358080,middle/full,True,896,313786368.0,False,14680064,12,72d2e45,0,0.00203,3,2,4,8,2,0,80M_middle_r2_full_s42,middle,2,80M,42,5656,2026-10-04 20:26:30,1853358080,2.6.0+cu124,1.7446755015799603e+18,941359104.0,2.8344134160019787,3.0284241675280748,3.0361524466518257,3.3137141942770385,2.8344134160019787,3.0284241675280748,3.0372965656289477,3.3136849142879967
94288768,53682048,40606720,92683136,iso_token,full,39.997,3707043840,middle/full,True,896,313786368.0,False,14680064,12,72d2e45,0,0.00203,3,2,4,8,2,0,80M_middle_r2_full_s42,middle,2,80M,42,11313,2026-10-04 22:34:47,3707043840,2.6.0+cu124,3.4896594677111194e+18,941359104.0,3.113295145929821,2.9554443265379655,2.931928172474403,3.243670270346648,3.113295145929821,2.9554443265379655,2.9325480910731136,3.243799144326964
94288768,53682048,40606720,92683136,iso_token,full,9.998,926679040,middle/full,True,896,505544704.0,False,14680064,20,72d2e45,0,0.00203,3,2,4,8,2,0,80M_middle_r4_full_s42,middle,4,80M,42,2828,2026-10-03 01:47:52,926679040,2.6.0+cu124,1.4054330429394125e+18,1516634112.0,2.8814623102932555,3.1205938453102045,3.1629625804849875,3.4282339688459733,2.8814623102932555,3.1205938453102045,3.1672613411252315,3.4315349383526144
94288768,53682048,40606720,92683136,iso_token,full,19.997,1853358080,middle/full,True,896,505544704.0,False,14680064,20,72d2e45,0,0.00203,3,2,4,8,2,0,80M_middle_r4_full_s42,middle,4,80M,42,5656,2026-10-03 03:40:43,1853358080,2.6.0+cu124,2.810866085878825e+18,1516634112.0,2.7632858001729885,2.9931000975577136,3.011368830237018,3.2855839578428245,2.7632858001729885,2.9931000975577136,3.012575670338247,3.2861221271540804
94288768,53682048,40606720,92683136,iso_token,full,39.997,3707043840,middle/full,True,896,505544704.0,False,14680064,20,72d2e45,0,0.00203,3,2,4,8,2,0,80M_middle_r4_full_s42,middle,4,80M,42,11313,2026-10-03 07:07:03,3707043840,2.6.0+cu124,5.62222914242347e+18,1516634112.0,2.8342168102383547,2.930739564674924,2.900777081887767,3.186943939427835,2.8342168102383547,2.930739564674924,2.901403864709779,3.188333724835903
94288768,53682048,40606720,92683136,iso_token,trunc,9.998,926679040,middle/trunc,True,896,505544704.0,False,14680064,20,72d2e45,2,0.00203,3,2,4,8,2,4,80M_middle_r4_k2_s42,middle,4,80M,42,2828,2026-10-02 08:03:32,926679040,2.6.0+cu124,1.0500361815064576e+18,1133117440.0,2.82383768517364,3.1831089711752023,3.206580442381089,3.4700629021200884,2.82383768517364,3.1831089711752023,3.2108443427237567,3.4735504382481808
94288768,53682048,40606720,92683136,iso_flop,trunc,13.382,1240268800,middle/trunc,True,896,505544704.0,False,14680064,20,72d2e45,2,0.00203,3,2,4,8,2,4,80M_middle_r4_k2_s42,middle,4,80M,42,3785,2026-10-02 09:10:56,1240268800,2.6.0+cu124,1.405370207567872e+18,1133117440.0,2.7447307184296608,3.134404622124769,3.138587243377093,3.3972182829902136,2.7447307184296608,3.134404622124769,3.14121927430129,3.400489254997815
94288768,53682048,40606720,92683136,iso_token,trunc,19.997,1853358080,middle/trunc,True,896,505544704.0,False,14680064,20,72d2e45,2,0.00203,3,2,4,8,2,4,80M_middle_r4_k2_s42,middle,4,80M,42,5656,2026-10-02 10:41:58,1853358080,2.6.0+cu124,2.1000723630129152e+18,1133117440.0,2.5834085976471397,3.047112026276124,3.058510180450124,3.3167521510706,2.5834085976471397,3.047112026276124,3.0597191798537566,3.317973891432184
94288768,53682048,40606720,92683136,iso_flop,trunc,26.767,2480865280,middle/trunc,True,896,505544704.0,False,14680064,20,72d2e45,2,0.00203,3,2,4,8,2,4,80M_middle_r4_k2_s42,middle,4,80M,42,7571,2026-10-02 12:37:14,2480865280,2.6.0+cu124,2.811111715058483e+18,1133117440.0,2.607701597586797,3.0380454322452044,3.0162789680413455,3.284992874459086,2.607701597586797,3.0380454322452044,3.0170272553606075,3.286026171795806
94288768,53682048,40606720,92683136,iso_token,trunc,39.997,3707043840,middle/trunc,True,896,505544704.0,False,14680064,20,72d2e45,2,0.00203,3,2,4,8,2,4,80M_middle_r4_k2_s42,middle,4,80M,42,11313,2026-10-02 15:19:40,3707043840,2.6.0+cu124,4.2005160259485696e+18,1133117440.0,2.573504321446135,2.9789609936279646,2.9541442690155786,3.2206598973592837,2.573504321446135,2.9789609936279646,2.9547643255703715,3.221674469920194
94288768,53682048,40606720,92683136,iso_flop,trunc,53.538,4962058240,middle/trunc,True,896,505544704.0,False,14680064,20,72d2e45,2,0.00203,3,2,4,8,2,4,80M_middle_r4_k2_s42,middle,4,80M,42,15143,2026-10-02 18:50:32,4962058240,2.6.0+cu124,5.622594730039706e+18,1133117440.0,2.468878026638741,2.942521674201746,2.9151077822267037,3.1709179017506073,2.468878026638741,2.942521674201746,2.9154940037297536,3.170683032195612
94288768,14680960,79607808,92683136,iso_token,full,9.998,926679040,whole/full,True,896,406454272.0,False,14680064,16,72d2e45,0,0.00203,3,0,8,8,0,0,80M_whole_r2_full_s42,whole,2,80M,42,2828,2026-10-03 23:16:20,926679040,2.6.0+cu124,1.1299579637425766e+18,1219362816.0,2.8860071706281123,3.1543129885363315,3.196822995937182,3.4654466727808884,2.8860071706281123,3.1543129885363315,3.200912567916903,3.4687994636621062
94288768,14680960,79607808,92683136,iso_token,full,19.997,1853358080,whole/full,True,896,406454272.0,False,14680064,16,72d2e45,0,0.00203,3,0,8,8,0,0,80M_whole_r2_full_s42,whole,2,80M,42,5656,2026-10-04 00:46:55,1853358080,2.6.0+cu124,2.2599159274851533e+18,1219362816.0,2.6754611683638925,3.0203715591080074,3.0540921821087985,3.3186971722925556,2.6754611683638925,3.0203715591080074,3.05517901834162,3.319602973803807
94288768,14680960,79607808,92683136,iso_token,full,39.997,3707043840,whole/full,True,896,406454272.0,False,14680064,16,72d2e45,0,0.00203,3,0,8,8,0,0,80M_whole_r2_full_s42,whole,2,80M,42,11313,2026-10-04 03:32:06,3707043840,2.6.0+cu124,4.5202314157778534e+18,1219362816.0,2.934624895937926,2.94777767341213,2.950748113348764,3.2517437675961043,2.934624895937926,2.94777767341213,2.9513298234577334,3.252294877103919
94288768,14680960,79607808,92683136,iso_token,full,9.998,926679040,whole/full,True,896,783548416.0,False,14680064,32,35f42ee,0,0.00203,3,0,8,8,0,0,80M_whole_r4_full_s42,whole,4,80M,42,2828,2026-09-29 21:15:16,926679040,2.6.0+cu124,2.178293681797202e+18,2350645248.0,2.8610655121536923,3.18538371650288,3.2350193678019252,3.4966904006424993,2.8610655121536923,3.18538371650288,3.2392982885671606,3.500012005508488
94288768,14680960,79607808,92683136,iso_token,full,19.997,1853358080,whole/full,True,896,783548416.0,False,14680064,32,35f42ee,0,0.00203,3,0,8,8,0,0,80M_whole_r4_full_s42,whole,4,80M,42,5656,2026-09-30 01:09:47,1853358080,2.6.0+cu124,4.356587363594404e+18,2350645248.0,2.5712629660600084,3.016700907106572,3.0735113578375137,3.3294442967331896,2.5712629660600084,3.016700907106572,3.0746941074929572,3.329895835284693
94288768,14680960,79607808,92683136,iso_token,full,39.997,3707043840,whole/full,True,896,783548416.0,False,14680064,32,35f42ee,0,0.00203,3,0,8,8,0,0,80M_whole_r4_full_s42,whole,4,80M,42,11313,2026-09-30 08:26:34,3707043840,2.6.0+cu124,8.713944986623672e+18,2350645248.0,2.5312372853352993,2.912249572045987,2.958852162591224,3.2162338578812717,2.5312372853352993,2.912249572045987,2.9594691437930916,3.2175386540097457
94288768,14680960,79607808,92683136,iso_token,trunc,9.998,926679040,whole/trunc,True,896,783548416.0,False,14680064,32,35f42ee,2,0.00203,3,0,8,8,0,3,80M_whole_r4_k2_s42,whole,4,80M,42,2828,2026-09-27 17:23:51,926679040,2.6.0+cu124,1.4794032030941184e+18,1596456960.0,2.8797646318246897,3.150116820189146,3.2248429657737736,3.482026260158298,2.8797646318246897,3.150116820189146,3.2290392009497295,3.4859019476821373
94288768,14680960,79607808,92683136,iso_flop,trunc,14.722,1364459520,whole/trunc,True,896,783548416.0,False,14680064,32,35f42ee,2,0.00203,3,0,8,8,0,3,80M_whole_r4_k2_s42,whole,4,80M,42,4164,2026-09-27 19:19:27,1364459520,2.6.0+cu124,2.1783008973422592e+18,1596456960.0,2.659347885697859,3.073871509349265,3.12676658547949,3.377176894307118,2.659347885697859,3.073871509349265,3.128892586267104,3.3800655564895137
94288768,14680960,79607808,92683136,iso_token,trunc,19.997,1853358080,whole/trunc,True,896,783548416.0,False,14680064,32,35f42ee,2,0.00203,3,0,8,8,0,3,80M_whole_r4_k2_s42,whole,4,80M,42,5656,2026-09-27 21:45:26,1853358080,2.6.0+cu124,2.958806406188237e+18,1596456960.0,2.6207461615909073,3.024843363173271,3.0644497481358863,3.321852649560106,2.6207461615909073,3.024843363173271,3.0656633826620614,3.322656886294766
94288768,14680960,79607808,92683136,iso_flop,trunc,29.447,2729246720,whole/trunc,True,896,783548416.0,False,14680064,32,35f42ee,2,0.00203,3,0,8,8,0,3,80M_whole_r4_k2_s42,whole,4,80M,42,8329,2026-09-28 01:06:10,2729246720,2.6.0+cu124,4.357124921701171e+18,1596456960.0,2.55814946656659,2.983671873849106,2.992584797267081,3.2558154642816928,2.55814946656659,2.983671873849106,2.9937198830505047,3.256548562276187
94288768,14680960,79607808,92683136,iso_token,trunc,39.997,3707043840,whole/trunc,True,896,783548416.0,False,14680064,32,35f42ee,2,0.00203,3,0,8,8,0,3,80M_whole_r4_k2_s42,whole,4,80M,42,11313,2026-09-28 05:31:31,3707043840,2.6.0+cu124,5.918135939393126e+18,1596456960.0,2.5626817957351884,2.9670486068964848,2.9547353193372614,3.218383632676221,2.5626817957351884,2.9670486068964848,2.955350850750261,3.2192915686630363
94288768,14680960,79607808,92683136,iso_flop,trunc,58.894,5458493440,whole/trunc,True,896,783548416.0,False,14680064,32,35f42ee,2,0.00203,3,0,8,8,0,3,80M_whole_r4_k2_s42,whole,4,80M,42,16658,2026-09-28 11:59:23,5458493440,2.6.0+cu124,8.714249843402342e+18,1596456960.0,2.6408635204724957,2.9292224877612223,2.90821870377035,3.179867516916033,2.6408635204724957,2.9292224877612223,2.9086860711191544,3.1809313135933404
